-- phpMyAdmin SQL Dump
-- version 5.2.1
-- https://www.phpmyadmin.net/
--
-- Host: localhost
-- Generation Time: Aug 02, 2024 at 11:35 AM
-- Server version: 10.4.32-MariaDB
-- PHP Version: 8.2.12

SET SQL_MODE = "NO_AUTO_VALUE_ON_ZERO";
START TRANSACTION;
SET time_zone = "+00:00";


/*!40101 SET @OLD_CHARACTER_SET_CLIENT=@@CHARACTER_SET_CLIENT */;
/*!40101 SET @OLD_CHARACTER_SET_RESULTS=@@CHARACTER_SET_RESULTS */;
/*!40101 SET @OLD_COLLATION_CONNECTION=@@COLLATION_CONNECTION */;
/*!40101 SET NAMES utf8mb4 */;

--
-- Database: `guichetauto`
--

-- --------------------------------------------------------

--
-- Table structure for table `activity_log`
--

CREATE TABLE `activity_log` (
  `id` int(11) NOT NULL,
  `username` varchar(255) NOT NULL,
  `event` varchar(255) NOT NULL,
  `timestamp` timestamp NOT NULL DEFAULT current_timestamp()
) ENGINE=InnoDB DEFAULT CHARSET=utf8 COLLATE=utf8_general_ci;

--
-- Dumping data for table `activity_log`
--

INSERT INTO `activity_log` (`id`, `username`, `event`, `timestamp`) VALUES
(1, 'albert100', 'Déconnexion', '2024-06-21 16:09:28'),
(2, 'robert003', 'Déconnexion', '2024-06-21 16:15:21'),
(3, 'robert003', 'Connexion', '2024-06-26 10:31:53'),
(4, 'robert003', 'Connexion', '2024-06-26 14:51:39'),
(5, 'robert003', 'Connexion', '2024-06-26 16:13:43'),
(6, 'robert003', 'Connexion', '2024-06-26 17:26:44'),
(7, 'robert003', 'logout', '2024-06-26 17:31:32'),
(8, 'robert003', 'Connexion', '2024-06-26 17:31:59'),
(10, 'robert003', 'Connexion', '2024-06-26 18:20:26'),
(11, 'robert003', 'logout', '2024-06-26 18:35:26'),
(12, 'robert003', 'Connexion', '2024-06-27 17:43:28'),
(13, 'kamaro005', 'logout', '2024-06-27 18:05:03'),
(14, 'albert100', 'Connexion', '2024-06-27 18:09:07'),
(15, 'robert003', 'Connexion', '2024-06-27 18:22:40'),
(16, 'robert003', 'Connexion', '2024-06-28 06:32:51'),
(17, 'albert100', 'Connexion', '2024-06-28 08:25:42'),
(18, 'robert003', 'Connexion', '2024-07-02 06:33:07'),
(19, 'robert003', 'Connexion', '2024-07-02 06:56:04'),
(20, 'robert003', 'logout', '2024-07-02 07:00:52'),
(21, 'albert100', 'Connexion', '2024-07-02 07:18:37'),
(22, 'robert003', 'Connexion', '2024-07-12 12:12:19'),
(23, 'robert003', 'Connexion', '2024-07-25 07:48:40'),
(24, 'robert003', 'Connexion', '2024-07-26 13:58:12'),
(25, 'robert003', 'Connexion', '2024-07-29 10:44:55'),
(26, 'albert100', 'Connexion', '2024-07-29 10:50:59'),
(27, 'albert100', 'logout', '2024-07-29 10:52:01'),
(28, 'robert003', 'Connexion', '2024-07-29 15:44:22'),
(29, 'robert003', 'logout', '2024-07-29 15:45:14'),
(30, 'robert003', 'Connexion', '2024-08-01 09:09:05'),
(31, 'robert003', 'Connexion', '2024-08-01 11:58:40'),
(32, 'robert003', 'Connexion', '2024-08-01 19:51:11'),
(33, 'albert100', 'Connexion', '2024-08-02 07:01:11'),
(34, 'albert100', 'logout', '2024-08-02 07:05:05'),
(35, 'albert100', 'Connexion', '2024-08-02 07:05:38'),
(36, 'albert100', 'logout', '2024-08-02 07:34:10'),
(37, 'robert003', 'Connexion', '2024-08-02 09:09:57');

-- --------------------------------------------------------

--
-- Table structure for table `activity_loger`
--

CREATE TABLE `activity_loger` (
  `id` int(11) NOT NULL,
  `username` varchar(255) NOT NULL,
  `event` varchar(255) NOT NULL,
  `timestamp` timestamp NOT NULL DEFAULT current_timestamp()
) ENGINE=InnoDB DEFAULT CHARSET=utf8 COLLATE=utf8_general_ci;

--
-- Dumping data for table `activity_loger`
--

INSERT INTO `activity_loger` (`id`, `username`, `event`, `timestamp`) VALUES
(1, 'cristiano777', 'Connexion', '2024-06-26 17:40:56'),
(2, 'leomessi100', 'Connexion', '2024-06-26 18:01:17'),
(3, 'alainn500', 'Connexion', '2024-06-26 18:36:57'),
(4, 'alainn500', 'Connexion', '2024-06-27 17:42:28'),
(5, 'kamaro005', 'Connexion', '2024-06-27 18:03:53'),
(6, 'leomessi100', 'Connexion', '2024-06-27 18:11:00'),
(7, 'leomessi100', 'logout', '2024-06-27 18:11:03'),
(8, 'alainn500', 'Connexion', '2024-06-27 18:25:21'),
(9, 'alainn500', 'logout', '2024-06-27 18:25:37'),
(10, 'alainn500', 'Connexion', '2024-06-27 18:26:05'),
(11, 'alainn500', 'logout', '2024-06-27 18:28:43'),
(12, 'alainn500', 'Connexion', '2024-06-27 18:28:53'),
(13, 'cristiano777', 'Connexion', '2024-06-28 08:47:01'),
(14, 'cristiano777', 'logout', '2024-06-28 08:58:32'),
(15, 'alainn500', 'Connexion', '2024-06-28 08:59:50'),
(16, 'cristiano777', 'Connexion', '2024-07-02 06:38:32'),
(17, 'alainn500', 'Connexion', '2024-07-02 07:02:34'),
(18, 'alainn500', 'logout', '2024-07-02 07:09:21'),
(19, 'cristiano777', 'Connexion', '2024-07-02 07:13:25');

-- --------------------------------------------------------

--
-- Table structure for table `adminaute`
--

CREATE TABLE `adminaute` (
  `id` int(11) NOT NULL,
  `username` varchar(255) NOT NULL,
  `password` varchar(255) NOT NULL,
  `photo_profil` varchar(255) DEFAULT '',
  `status` varchar(255) DEFAULT 'inactive',
  `role` varchar(30) NOT NULL DEFAULT 'admin'
) ENGINE=InnoDB DEFAULT CHARSET=utf8 COLLATE=utf8_general_ci;

--
-- Dumping data for table `adminaute`
--

INSERT INTO `adminaute` (`id`, `username`, `password`, `photo_profil`, `status`, `role`) VALUES
(1, 'robert003', '$2y$10$ard5KBlXuk9Qhwtw6pNlCuIp5bj/qlNaxSA3J948B/g1/IIIJ0Jl6', 'uploads/rorton.jpg', '1', 'admin'),
(5, 'albert100', '$2y$10$zv9HDemC20b7kmYeDVO4XehpKtvpOVeHRY3wdL1WQ8dV6nVVA4l3q', 'uploads/albert.jpg', '1', 'admin');

-- --------------------------------------------------------

--
-- Table structure for table `banque`
--

CREATE TABLE `banque` (
  `id_banque` int(11) NOT NULL,
  `nom_banque` varchar(30) NOT NULL,
  `adresse_banque` text NOT NULL,
  `telephone_banque` int(11) NOT NULL,
  `logo` blob NOT NULL
) ENGINE=InnoDB DEFAULT CHARSET=utf8 COLLATE=utf8_general_ci;

--
-- Dumping data for table `banque`
--

INSERT INTO `banque` (`id_banque`, `nom_banque`, `adresse_banque`, `telephone_banque`, `logo`) VALUES
(10, 'BCB', 'bujumbura', 222011, 0xffd8ffe000104a46494600010100000100010000ffdb0084000906071211121512121216151110181316191515161a181b1a171615171e16171e181d202820181a251e1717223221252a2d302e2e17203338372d37342d2f2b010a0a0a0e0d0e1a10101b2d251e262d2d372f2d382f2d2d2d2f2d2d2e2d2d2d2e2d2d2d2f2d2d2d2f2d2b2d2d2d2d2d2d2d2d2b2d2d2d2d2d2d2b2f2d2d2f2d2dffc000110800bd010b03012200021101031101ffc4001c0001000203010101000000000000000000000607030405010802ffc4004710000201030204030504050809050100000102030004111221050613312241510714326181427192d152537291a11523336282b1b2b31634437393a2c1c2d235445483e108ffc400190101000301010000000000000000000000000102030405ffc4003011000202010302020903050000000000000001021103122131044161f01351718191a1b1d1e114233222334252a2ffda000c03010002110311003f00bc694a500a52940294a500a52940294a500a52940294a500a52940294a500a52940294a500a52940294a500a52940294a500a52940294a500a52940294a500a52940294a500a52b9775cc3691cc207b88d666ec85b1f7027b027c81efe552937c03a94ae78bc70f2aba8f028740b92597c59c93e791d80db23739a8972d59af14e1e669589ba95a63d50c4344e1cf4c2107c0a068f08efe79249ab285ab7c6df322c96716e3705b1412b106665440119b53b1c05c81807ef22b2cb7856548fa6712063af2001a71e1c772dbfddb1dfd6b5bdbe9eef8275e4cb5c58cca7563726360351fb95f73fd526a7a788473fbabc6eac5dba8029ce50c4e189c7603577f5c0ee6ad3c7a57c57c027673ad79926967bab7d1144d66d0a86666903b4c484d805d3be91e7f1548ed1dda343200b21552c06e03103501ea01cd415f8703c56e6478a63138b6912448e423ad098f032060fc27e5535e19712491eb92331b167c23635050c421382464a80719db351912555e1f4088d709e2f7970d7aa8f16ab395e38c18ce1c2eac0621f62718c8ed9ce3cab5b88f3abb70a1c4205559015531b82e036b0ac320a9c7983f3159381d9de5bbdf30b525aea57922264882efab1af0c4a8dc1d81ae7f13e509e2e149650a19e5322c921564519ce5be365c8ec07ae33b56a963d4aeb95f4dc8dc98d95c4ed2e0b44f08560e551919651d32abbbb060559bee22bde3fc7a2b3556935334ac1238d06a7773d9547d46e70371ea2b07085e9c8628ad5a181b5cac484550e748d0aaac77272c4e31b1f5db89ce1014e21617527faac264577fb31b329d0cc7eca93a7c4761a77f2aca314e54c92456dc632e914b04b0c92ea2a1c2b03a572de38d99411e84827cb3bd65b5e336f2b98d26432a920c7a8070477050f887eea0e2703e595d5c420b965f12aedbf8c6c1b19db39c554bc33ab7707bb2a04b8e2933ddaceed80ab1c873a70357501463b79377ab431eb4df1e7ec1ba2e9a542b9ab8d3c57b696e971d1055e49e462b8e92838c87ca8274bef8c8daa436b7b22a4af305e9c6032b8050b2680cc4a31f0919c77df07b76acdc1a49fac59d4a569f0ce290dca0920916443e6a7b7c88eea7e46b72abc12294a500a52940294a500a52940294a500a52940294a500a56b712bb3146d208de42a090918cb3103b0aafa1e6c999e0bb4b8696073209ed238353421509cec0b900e91ac903241d81c0bc31b97045924e62e6bf71b8459a33eeb2a0266504f4df590750f35395edbe73dfcbf7c72c6d6f12295d52681bc0586fe19080aeac37043e9190760cf5824be82fd6da68c49243299a175518f0b2ea6127a2ea8901df0750dc83bf16f1787709338791dc5c6e2c95b52818f34271e2dfe338c6d838ad231e124d4bcfc01d1e1dcb3736571134170d2d9a96530ca46b8d1c6fa1fcd4108da76d93ccd60e27c3ff931667b4bc8601704b886e7740e7bb4641d4a71e5861b018c768471bf68b773f821c5b45d82c7f163d35e36fec85a88c8e589662599bbb31249fbc9dcd75c3a6c8f79bf3e251c9762cae0bed0ad6d2dc40b6e5b40ff0066e5833124bb3348aa773bf63dfcab425f69d22e45b59c1083df396cfcce9d1bd40a95d0ba5c776d591a992bb9f68bc49fb4ca9fb11a7fdc09ad0979c388377bb97e842ff840ae1d2b458b1ae22be045b3a6dcc77a7ff7971ff1e41ff757e9399af876bcb8facce7fbcd72a953a23ea4459208b9db88af6bb7fa846ff129ae95b7b4de20bf134527edc78ff015a86d2aaf0e37fe289b659117b505910c57564ad1b021b43ec41ee3430ffbab7ec78d70899ad8a4af6af6658c41f6003e35a163a9741f4d431938c55514ac9f490ed689d4cbad782b1b8b9bc902de47731a46820280aa2e0b280eda483a54e75f7cfad60e74e2725c243c3e3c25cdf11d450726287bb6ac79e3bf91d2f8f2aa9b86f139addb5412bc6dfd46c03f7af66fa83536e17ed1849a52fe10fa7e19e1ca48991827620838ce4a11b6d83584ba69c5a92debcad8b292251c4e64b7bee1d696a30d1875703f51a3656f5f84b6fe6a0f9d774f3245efbee4033481039640582e4fc2f8f8762a73dbc4338db3c7816da0b79af786c46ea7914f8fa8d2c84edb3751b5e0601283c474818f4dae4ee0a2d2d9a69a406e2e419669891b641206a3b695c939ed924f6dab964a35bfb3c6c944a69504e5ce623ae568a390f0c8d9544d23bbb995df0cca1b2cc84b0c8cede5df489dd652838ba6590a529550294a500a52940294a500a52940294a500a87f16e5b963bb4bbb0658e495b4ce8c098dd4e499081f687a0c6491b8df330a837b53e656b6844113626b9072c0ee918d988f427b03fb47b8ad70a939547b90c8ef31737a59466c78791952fd49f6f8d9897083b6724efd97b0f9408da4cfe3e9cadafc5a8ab36acf9eac6f9f5ad602a45c9dc62e12eed916793434b14650bb15d0cc14ae82718c1db6dabd658fd145b8f3dfc4caece2fb84dfa993f037e5436137eaa4fc0df957d33548f1fe71bf86f2e163b96091cd2aaa954601439c0c153b62b1c3d4cf2b69244b8a4435c60e0ec7d0ed5e55e7c91c7d78a5bb09e34324442bae9055830cab0539c670463faa6a3bed0f91218e17bab55e998f77887c2573bb28fb2477c0db03b67bcc7aa5af44d531a76b455d4a559dc97ecd832acf7a0f8b0560c9181e464237cff005476f3f41be5cb1c6ae442565690c4ce74a2b337a282c7f70adcfe43bbff00e25c7fc093ff001ab6f9bb9aa1e148b6f6d147d661908a02a22f93305c673be079e0ee3ceb99f9f3893b67de8afc9523007fcb9fdf9acb1e5c9915a8a4bc4969223b22153a581561e4c307f71af7a4da75e96d19d3af074eac674eaedab1be3be2a5d65ed026384bd8a2bb87cc3c681b1ea081a49f911bfa8ef5daf684d6adc32d9ecd5560927d402ae9dfa5286c8fd20460fdd567966a4a328f3dfb114579ee137eaa4fc0df953dc26fd4c9f81bf2a947b3ce3573eff0466795a390b2b233b3291d362362480410371e9578d659ba996295344a8d9f331b1947fb293f037e55aedb1c1d8fa1d8d4a5f9e388452be9b96215dc697546180c703719fdc455a5cabc522e2b681e6850b02d1c88ca1975000e406cec4303f2ce37ef57c99e78d294a3b7b7f0124ca4f837189ed2412c0e51bcc77561fa2cbd987f77962ace82f538ec2b1899e168d90dc5ba9189230772ad8ce33e7f4233a4d71bda4724456d1fbd5b0d3186512479240d4701949dc0c900afcc631daa0bc2f88c96d2a4d1369923391e8479a9f5523622a1c639e3ae1c8e3667d1f6b651c68b1a22ac71e34a81b0c76c7cfe75b15a1c0b8a25dc11cf1fc32ae71e87b329f98208fa56fd792d34f73514a52a00a52940294a500a52940294a500a529402a86f6997464e23367b45d38d7ee0809ff00999bf7d5f35467b53b03171076c786e15241e9b28461f7e533fda15d9d157a4f7149f0446ba9cabfebb6bfefe0ff00316b975d4e55ff005db5ff007f07f98b5e9cff008bf619ae4fa36a8fe60e51be9af2e1a3b672b24d2b2b12aa082e7072c46d57857cff00ccfc52e12fae744f2ae99a5034cae31873b0c1d85799d1ead4f4fa8d2659bc9dc1a3e116ccd753468f2b06762c02ae07850138d58dcfde4d47bda073f43342d6b6a4b89301e5c10ba41dd573bb138c67b63b67cba9ecbb9a26bb124170dade20acae40cb292410d8d89071bf9e77f53d4e6de47b7bb8d9a38d63b90095741a7537907036607b67b8fe1516a19bf779f913cad8acbd9b70c5b8bf8c38cac21a620f994c05ff009994fd2af9aa2fd965fac3c41036c27478b7fd26d2ca3ea531f79157a54f5b7e93dc44383e72e69bc335e5c48de72c807eca36941f854572eba5ccb6a62bbb88dbbacb2fee66254fd5483f5ae6d7a70ad2abd466c56c1bd90c420d67a21fa8136c07d3a757af6dbd2b5e956a0487d9f7fea56bfb6ffe53d7d015f3ff00b3effd4ad7f6dffca7afa02bcbebbfb8bd9f73487050b27257109257d36ae033b9d4c55460b1df24f6ab3f96ece1e0f6812e278d59d99dd99b482e40185cee400147cf19c0ce2a9e9f8c5ca4ce52e26521df1895c7da3b633dbe556cfb35e6392fa09167c34b01505b006b560749206d9f0b0dbd0569d4ac9a137c111ab227ed179e63bb8fddadb2d1160cf21046ad272aaa0ef8c807271d8557b57373e7245bcb0493c31ac53c4acfe01a43851965651b648070ddf38ced54cd6fd2ca0e150225765bbec62e8b5bcd193b472823e41d46dfbd49fad589501f6396252d1e523fa790e9f9aa00b9fc5aff00754fabcdea2bd2ca8d23c0a5295892294a500a52940294a500a52940294a500a8bfb40e59f7fb7f063de21cb464f9e7e28c9f20d81f502a51518e66e63786782d6d904b752b0263270a22df5166c12bea08fd1277ec6f8f56a4e3c90ca1e442a4ab0219490411820838208f220d77b937854f25e5b32c3214596272fa1b485560c5b56318c0faed562733f29c3c4c3cb0e22bc88f4dc1ec5d403a24c677d254871e4c3b8c62ade2515ddabf46632c6cbd94bb0181e6a41c15f98dabd586659634b6666d51f47d521cd3ca17cf793b25b3ba4b2c8eacba70431c8df3b77f3c5457dfe6fd6c9f8dbf3a7bfcdfad93f1b7e754c3d34f13b4d7c03959717b37e537b14925b8204d3051a4104222e4e0b762c49df1b6c2b3736f3e5b5b46cb148b2dc9042aa1d414fab30d863d3b9fe22939a7771877661e8cc4ff7d63a7e9354f54dd8d5b6c7a848c104823041077047639f5ab7393fda4c522ac578c23946dd53f03fcc9fb0deb9dbeeed55152b7cb8639153213a2e6e79e4b1c431736ce826d2077f048a3b788670c3c8f9f63ea2bb9391b88a9c7ba39f986423f786ae1dadd4916f1c8f193e68ec9fe122b65b8e5d9d8dd5c11f39e4ff00caa98f165c6b4a926bc512da67761e4692301efa68ad22f3d4e1e43f25452413f5fa1ac1cc5c7a068459d9c5a2d51b517700c92b8fb64fd9fefc606c3c351b76249624963dc9dc9fad795a2c6dbb93bfa117ea25deceb844e6fe07e8c8238cbb33b230503a6c07888c6492062af3af99bdfe6fd6c9f8dbf3a7bfcdfad93f1b7e75cf9ba696595b64a951debfe4be2067900b576cbb90c0ae920b1c1d44e37f9d59decff968f0e81ccccbd594867c1f0a851855cf9e32493eadf5aa4fdfe6fd6c9f8dbf3ac534ccff001b3363b6a25bfbeaf930cf2474b92af67e426917073df3ddba412416f20966955932872a81810c4b762d8ce00cefdeab2e58e0325f4eb0c7b0d8bbf9226773f7f901e67eb8dbe55e4fb8bf20a0d106779986df30a3ed9fbb6f522ada45b3e0d6c830551dd10b9192cedf6dd80d80009cf60060790ac5ca38168c7bc993ceecefd85a2431a4518d291a8551f20302b3d6292e11402cea039550490325be103d49f21596bcd3414a52805294a014a52805294a014a52805294a031ceac5485215bc891900fcc64647cb23e9503e1ebfc99d79ee639ae7885c3378a389dd5d73e05570088d761907046300101736052af1956dd88a2b237971616534d3e4710e2936638c1c15660a17f08f23fd453e752558bde563b6bd8e3b9ea23932c630ab247a4480ef95396c0643df230be78b8af2fb7be0bc90b5c471c4e891055d5196eee14e049b16f9f6d9b6c7778146ab046a9118a3455544618608061723c8e37c77f5df22af39a6ad73e7e8122bbe3becaf72d673038ff006529ede780e07a7911f5a81f16e03756bfd3c0e807da2329f8c657f8d4ff008a71456bebdb9265e9db46b69198750cce49c02cbb0c3961e2dbc43ee3ddbbe60bbb5b2b579e357bb9dd21688f875336ac1cae429c01918232d8dabae19b2c293dfea51a4ca4a957bf18e5bb191a359acd7a93923543e1c100924b29524601df1f2f3198df15f67dc3964118bb782593e0490a90dfb3900b7d18d6b1eb60f94c87065594ab125f656e49115e44e46762857b77070cd5a527b2cbf1d9addbee91ff00ea95a2ea713ee469642295323eccf887e8c5ff0013ff00caf57d98f103e510fbe4fc96adfa8c5fec8696432953b87d955e9f8e5b751fb4ec7fc007f1addb3f65c8490f7c84a8c958d01207aeefff004aabeab12ee34b2b7a7a0f33b01ea6ad07e57e116ab1bca6e2e3aee234ce42b39380a194228dc1f89bc8d49f9527b3134d6f0da7bb5c5be35ab226a2ac3660ea5b50c11e7e62b3975692b8c592a2557c1b91efae7056131a1fb737807e12351fa0ab07827b37b4b61d4ba7eb32efe3f0c43fb39f17f6891f2add5e6b686fe5b6b91a6091d5609b60baba71968d8fed36413fa5e98c777982c5a687092b4524656457550f864df743f18efb57265ea32ca93749975146782759233d0651a72808190a576c69dbb7e5e550f985f20e8dca2dec1ad43b050b2a2b1c3968c0d32c650b60ae0ee7201040e872e7bd19726f45dc12c6cc6410ac611f29d3d25767d4a5b23cb48ed9dfbf6364cab1999fab3c69a4c817406271a8e8070338fa6f8ee6b0fe0fb3f3ee24e5f2ef027850c1332cd04326ab70eba9d1570532c76ca9ce920640c6e3b090d29546db76c914a52a00a52940294a500a52940294a500a52940294a500afcc8b904648cf98ee2bf54a021379c844dbbda4573a2de793ab2eb8f5cac72a71d4d4a31e11dd49d86e7cf2734d830bae1ce558da5ab49ac805b4b695e93301be3528f1761be71532a568b2cbbf8fcc8a38971c4e2567ba66c5bdac4d99002412e417d38197d2117e1ceee477040e01956e78dc25774b6b43203f39723383db2b22d4da6855d4a3a865704156008208c1041ee2b56c384c10333c51857931a9b72cda461416392401d8795232514fd81a22bcb0824e2fc4a5c0cc7eec80e3b78083bff00f5d74aeac51e19b194ebdc2a6a425581eb244482371b86ede64fa9add5e5f549e4b8865789ee02f5157432b15ce97c329d2c013d8e0e7706b3dc70c3d258a370ba5d242cebacb15944849c32eecc324fcced494d369af0f921445396b8b4af62f6ceedef76ed2dbbb64ea0b1824c9abbe748d21bf4b15c83d493974ccd248d364b7519d99f6b9d3f11391e118a9c7fa388b2dccf190b2de22a124642e952090011df6277ee0569d972994e1ffc9ed302a43af504783a5dd98f875119cb77f976ad5648ddf8a7f7228e170199578947b1b68ae6d94ac27e19df1932284ca2e07a90c71db7adee495115ff00138000009639401b7f4a198edf55fdf5d5b2e538d24b796491e56b38c45103a555405c6a200cb311ea71f2addb9e5f81e6f78c3a4c57433c7232165f46d2406ec37efb0aacb245daf0fa32688e739d8997865c007c76d2cb329f4d13331c7dc8c456972b710956e7de5e3371171248c8b8890b3445507f3322a6ca0138c81b9df7df4cf52c6309d3d00c7bf85bc40e4e4939cea2492493b9273599500180300790aaacb51d34288c5ef2e2ddadd24d111d59098dddb207811448aa18e93953e4350d8ec6bb5c1387b5bc29134cf31418d7263563c86c3b0f9e4fccd6fd2a8e4daaec49e018ed5ed29550294a500a52940294a500a52940294a500a52940294a500a52940294a500a52940294a500a52940294a500a52940294a500a52940294a500a52940294a500a52940294a5003513bfe79486e859b5b4e6762814298b075fc3825c7f1c54b2aa3e6d90af1d8582b31536c74ae3271e43240cfde456d820a6da7ea643744cbfd39852e05b5cc335b48f8c1942153a8e14ea4761824633dbd71521e217f1c11b4b2b848d064b1fe1f793db03bd54fce528bfbf8e2b9cd8c48a1419c7898331d4415ca0ed804b606fb93b566f6d3c41fa90db838458ccbf22cc59549fb82b7e235aac0a528a5b5f3f8235724d7867353dd02f6d6533c009025768e30d8efa559b2c3e7b56d70ee6459a66b7114a934485dd240148dd428c8255b393ba9236ef5d4b0b658a348d06123555007a28c0af0d927584f8fe70218f3eaa58360fdc46df79ae76e3bd2248d47cf68d72d68b6b70d70a5d74830804a024e18c806303359f86f3b4125c7ba491cb6f719c04995464e320064661b8edbe0f966a0d69398f8fcae23790abcde08f4ea39888db5328f3f5afd295bde30b25c30b4689e2d30ca0891cc7828338d1963fd6ec7033deba9e187fcdfbcadb2dea52a11c5f9f1ade4b84f760cb6def3e2eb60b7bbdbc133787a7b6566206e7751e472388b937a544a7e7220be883504b98ed7c52853adae1216257496500bab8d8ea539c8dab423e739a711f4e3589cbd8360c9a95d2e5e652858c795c342db804e0a9db71404f29508839ff546d37bb6228eded6e1d9a5c15172250a31a304068f76ce349d5e583d2e2dcc6d1c11374f44b72d346b9752a8d1c533962e03023109c0c6f90081be0092d2a11cb7ceaf29b48248c34970b6e1a5d6064c9606e0bf4c2e31952b807cc1f956cf16e6b910dca7482a413456a26120244b70b6fd37d0530aa3de0924938e98d8e76025d4a877fa6ba3c0f032c83dd82eb9170c66d032644063c2bb321d24eea36018561bdf682b1994743c50c124e57ac84ff3696ecd1929a941c5c0ec4fc07c883404deb8fc57996dada4e94b2223e957c3cb0c7b316008123a93ba9df18acbc038afbd46efa74f4e6b88701b567a133c7ab381df4e71e59f3aa4bffe82b4492f50eb55916de3c0660352f566db7a5959494792e13cdf6ba049d48fa658a07f78b6d25c0c95d5d5c6ac6f8ef8afc8e71b5292c8aeaeb6f1b4afd392294855c6768ddb077db38ce0d7cc4fc5223c292cb27aeb7924c47d9d0d02203abb6720d4fbd8b7044992f6dc4abaee6df433210fa033606c0efe74556ac894ab6eecb96cf99a1749dd84917ba28691655d24294d41b62410403d8d61939c2d56d52f18b08247099d3e256d454ea5f2c1539efdbceb971f21621961371a63b8784c890c2b12688b395540485773a753ef90a062b61392800c9ef0ed135cc375a6450e75a1cc8a5b2010f81e5b6fdf35ad632b790e83f355b8665cb1d33430160069d53461d181cfc1a48c9ad9e1fc7229a06b919581759ea38d21913399079e8d8e09c640cd47e3f6790aabc5d42607b88a7e9b2e70b1a95e8e7392b83807c80037aecf0fe5e11dabd9c92196061246a0eccb0b82047ab275690480db6d8f4a892856c4ad7dcd5b7e74b760e4a4f1848a4b85eac453a914632cf1e7e2d88d8e0ee36ae9f06e2e2e54b2c5346a3490654d1a830c82bb9c8fcc570c7273b0613de3cc44135b444c6abd359942b390bfd23e028ceddbb79d76b827048ad22e9c0aa8481a8807c4e140d6467e5db3512d15b08ebbdcf2c798209ae26b6424cb6d8d5b6c73df49fb5a4900fa122b990f3bc2d01b9e8dc8871190c62c07ea48a8a17c5e23961fc6b0f09e4af77921996ea56963eaf535805641364cbe118d197d2ddceea2bf16fecfe04b2f755203bf4449305219fa5287191ab6ce08d8ed9cd5bf6fcfcc8fdc3a96dcd503e81a645779fdd8a3a696497a65f0c33db48ce467b8a70be688ee640b0c53b464b8171d3c424a673872771904038c135a567c9cb1140b2f822ba374a0ae5b78d90c6d216cbfc5b31df000debf7c279766b45e9c5798b44126889e152535062b993502caa4e718ced8cd43d1d82d7dce970ae3f05ccb3c31b12f6ac15f2300eec32a7ed00caca4faa9aead43b96f9562b6962921bb7768a374757c30915cea240d8a8ea1d79f1773f7d4c6ab2d37fd25e0db5b83551f31c99e351dc2a48d046d6faa448dd97c3f110403a80cf955b94ab63c9a1b7e04b56555ed0564e2734115a5bcae22126a95a278d32e536d6e06c34e4fdfb66ba7cf3c9325c5ac1d23aee2d2358c82706550a01c13f6b23233fa46ac2a55d6792d3a7b0a227cbdcdf198512eb5c1728a15d248dd496031a976dc1ef8ef5d9b0e26d2977e9b476ea06979414673e6446465500f36c13bed8c13d3a565269bd912543c3a6e9f1b92e5925e8179bf9c114846e8403b2f627cfe75fae68e1d3715bf46b6865485152333c91b463c2ecc5c6a009c6ac0037c8f4deadca56dfa869a925bd515d22b03da46724c6849ce72a3cfbd67a57396309b58f73a172704f846e57e13f4f2af059458c74d3076c691f97ccfefacf4a031fbba6fe15f10c1d86e3d0fa8f9578d6e85429452a3185206063b6ddb6acb4a0308b58c10422e46003a4646338c1f2ee7f7d7ad6e843028a43fc4303c5f7fad65a50185ad6339051486c67c237c76cfad0dac649251727209d237040041f5c8007d2b35280fc4512a8c2a851df0062aa9f6a5cbb35cdeac91dab4aa208d7508f50c892524671fd607eb56cd2a1ab33cb89648e96e8f9b1791af3ae5bdc24e9f4c0fe8b6d5abd31df1e7561fb27e012dacf33496cd0878c0c94d3921c1c76dfcead0a5428d1943a58c64a56f614a52ac748ad5e2b0bc90c891b6991d582b64ae188d8e46e3ef15b54a02351f08bd0d19f79c22f435a65989e9ccec4073bf89182927e2d03b57b6fc22e57a3aa424c726a90fbc4dfce6cbe3c630bd98f487837ef524a55b532ba111fbde1572f2cacb361245c2ff0039202bfd1ec114851bab9d60ea3af1b77ac3fc8b767483724111942e2493bf49d768fb1f1957d64ea1a74e4f7a93529a98d08e1c3c36e1a549649b4852ec6347765df485519d20ae14f75eec718ef5b5cc31c8d0374975bab44fa3206b58e44678f276cb2ab2efb6fbed5d2a54593a55100e58b10b744db43709134bd5733c724611440ebd31d4de47691c9246469519390333fa528ebb15841415214a52a0b8a52940294a500a52940294a500a52940294a500a52940294a500a52940294a500a52940294a500a52940294a500a52940294a501ffd9),
(11, 'BGF', 'bujumbura', 22346786, 0x89504e470d0a1a0a0000000d4948445200000113000000b70803000000068d4ac6000000c9504c5445ffffff286cb5f36b382169b4eef4fac2d6ea608dc4f36935f47848fbd0bff262261264b2fef5f1f5845dfdede52a6eb60050a70059ac9bbadc6392c886a9d20055a93072b8f8fbfde4ecf54e86c2356cb4005daedfe9f4467cbc1661b05b87c193b0d56c96c8d4e1f0b5cbe5ebf1f8cddbec79a0cea2bede004ea7abc5e26d9dceb8cde5fef9f76794c97fa4d00047a4f7a5896389c24981bf3e78bb518bc5f6926ff4733ffde2d9f58b63f8ae96fac3b1f47b51f25f20fde3dbf25a15fcd7caf798770040a14c75b860b850010000101249444154789ced9d099b9b361ac77105cc26a4e130203087390c1813331ddbed26ed76bb9defffa15642600e617b7ccc7892eadfe7693c20c4ab9fa4570712701c1313131313131313131313131313131313131313131313131313d36db480f7b6e0fd292dee6dc1bb530636d1bd6d78672a4c00a68b7b5bf1aee46ec0642295f736e35dc946481094f8de76bc23951246320126f3b38db2492de6671b2526d84311ef6dccfbd0a245825c8a7e6f73de83a0d841824a4a766f83ee2fa8f7904cc036b9b7496fa32fbd7f7a07e3c94060c3f7c37e19b9f61efaf4eb6fffba9d7efb5045fae5976ea40fbfe0642612a0a0d838f0bfff55077ef837b9f8eb4f37b408d9f4eba773997c7db89d3e7eab33f9f3d78fedd1af9fd191c5964282fc6c8087c8bfd717ff5e9bf4d71f373409dfff6c263fffe7e3adf49f5f311217d788cfedc1dffe447ff3e10892c944aefab3dffe8bc37dc33f130ce9c3c3cd4cc2119fcde4cb5f1f6ea72f5581d071bafedc1fc44860208d2141fdd9cacfe2607f553ca5aa31baa54d75ccf7149c4a524e1dcd474b49d5f87487c80b5b3285b7b3f5ada4494de67714c987984c40d8cebac1124c8067bdadc1af2fc1c4e99cbbbd83d6e620121438d887d37030307d63935f5bf58046ea4d1af1eb7167d24069aa5ae190bf7fac4effa22910bdc14c70a4946006b50b899ad1904cfba3ef58e9be4048edfc08d57fa5a06c70b0c5b44147fba3ef585a5b20dac14c32395e4cd0691c14b63c1114fe9ec9b8a5e26eeb026c326964d92790d45545ebfa1cb0be2b942f9faed7e7aa5314f57befd21a1f84e92924a0eae209836055a79ffb7c03e33e7d3ab7cbf6e9dbcfd7eb573ca081830697342727fc2b9e6fc3a98f86ad35209dfe3f6e60ddcf1fce65f2bfebc758bffd8591acfa0d2ed070f4b1730ac916d7126b4eb5d612ae7a5f6e60ddc3c3d94c7ef9e95a91f1ac3648d2aacafeb1c1700f09698753ba030336b83ffbf9ebc3d5f6fdf4f64c3efe82e311ccfebc62d5722cc4533567520df9b2b13e1d4871147f7ebc1eca9b3379f81f1e895b608004977c383e3fd00d5775ed8af1d19014e0931f1eae86f2d64c1e7ec6fe95dff553554d8bc0c001c725cdab0ae61d4047c6d7dfeec1e49a7b3e7cc4f3857c392826554b5a6ced1312f150f170050332eecc213f7b15918b7c2ce5a7e923874f55fe3598985d4dc8c816f2f0b8f8aa0fb206e621c93686f6f98f318bce30f2f7c3c93f00e5f355aae2b0167c57e72da470fb17f7e49289fdeb4cfc7cef693626262626262626a6ab0513e1475772ee5a767ee34b3fb67cfbdcc95dfef41cc7772e30654c86624c683126b418135a8c092dc6841663428b31a1c598d07aef4c6459464622558b52f01fafafab98c817e8e5a6e1d0c0570d43a96518aa234d067174ffbac49e11d3ae6022031599798654d5f17de965998d71184b4332ed959ec505529ce9ab9d29a98ae2807d14b2e94b6d5af6f42e1390af6602bc20d0cf5099864f1bef19a8aa8faac2113032aa2cbe0a3665460fda6114ebe24c7500490030bc79536c2531cbb42b946d6b2897334196a7e76ed183fcc24de22c9455f52014d904aa3149f3e8a061d02d74cf3180e91bb36011ec57ac80f0ba25d51bff5a2628518e1f5cb48c8c778bf9a33f0e45068a21c6eea9591d2b09d54749b338a8374c903d6a79cdde6cef7a26580ab874dfaf307346a118207de15a712bc3e05a26188be10497bfefe1464c647fb9be708fabe55125459ea87e304604f23c3c90d61e93892c2dbde2522a3762829301c6b28677ad466e14456375c135401f0aaa3621bdf8d72a343d5c8761aa07592e5011f599a0f6ca51c3915c82d6a87a89bf1513ec6a9567dab765aa3cab057cdf9f6d75fa3e6ba3c7c474d4984267e9c8e33a92e44b8ea3a2c61c78a1d64bf28009963a528192d9b8ba96df8c096e289c476a1780a68066cab75a61e43f02cacecce827654be76fee2c25d994dbde18eeb5282015f6be748489091e67c31a98d013eb407224ffb19357376482a838e230c1996a76fb87e8ff7f53de3853bb0951e7b427c950eb34a85f848bba0da2834c502534dc414c09a0baad92216f2760f9b40f7a53261327a4990c1ca8a904c398d24e3991fd19dd8c0a0a186d9b507d955490ba8799483493be35b2ba94026b8aac74f6f5e7d5991883d480bf87ee133a6db71ce5d73015c8973c1fe8c3102e8692c2434c7caaee741bcb09ea4bcff17a4011f5075053a5c3376112fc8d5d622bc318bed58517bb454919d997940fb90e53aecce2173331bac6cc4a52363013147a195a6fc1442883ce40274d036110c25d7790c81255d8f1db0a8e14137299af965cf022266ed86a9d35cebc6282fb1355cbf9da4cb8ce4646ace1d94cea391c674d77601652a76ee1fcacfeabff213fe4c963a99191b6dc196f8f30e1baeb27f707c5ba2f2dfb4af6064c0e0b5a910e9652af0c3823afac488ce646288d879eed02c5019dbfe4834c46d53041573c86bc7d1f268b28d7c399a2f866bf5a38236f068a95fd448d3737a9a6b4d16cffcb9cd73b18ce6782ae51e7ded5730597314972ad9c4f8ce560aee038136913f1e37df37e47bd59877f1193c9fe951177a83b486ebef6d54edf437646767e76ea8eaf88a727012c51b9b8ee102aafcca4bf269ce7296691ee770c724a1aaad5f5b18613d02d53cfaccc31e4bd77b884c95eafc5a4786adb3ef1e9e9492cb54110e89afbfe87ec6f683378cfef64a2a4ceb22385517852a5769696666205adf4bc89e86d99688f8eeaece5fb8ebadc0ced5c6c5ab7af8e9482a03b1e42c31cc53b34b7c8eb4aaf168cf4d9bad3e98a99dd83091a03ee07b3e48183f948d50f77b6f7184648df29ea6f689165e7713e361103e3d9b237541ceddb77db2aff51cead3b30a1eee63f51b70ad47d411919ef70ba62f66240c5492aa90905373486a3e75363403cf3f49c2d5e93897cbc9cd48d814a374e71eb51d4395d0278a00ea04c80e10fa0b8cfeac01cdc59a79850e30449f1e2e9ab3191274baa6bae3d4afe5ed5624255a5e71585d626531969cf17923178e6219bc37998849a4f4043e6e761dd8966d4d313593a3015713d1379e2abf4839efc79decadb6eb79b91a9562eef0f8d6928aea8f8a02970b898f8ca6c6070341be6916f9474531cd135ecd003c9ebe763c1d21c59630bad452bcb755d6bcc39a6ddd676a284230d72612a4b03b55c783a56592a137d582b064c50a13587637072b3d85c1e7bfa783326a898fadac5af4fc87b13b2b26c8cbda80f46da7ae36d3d6f83fa3823a91d30718c91d9f03a26dda03dffad99e0276fe9c54fde50a762f830c351d2e3bdd5117598e03956efd8e3a64834a4d38ff0af618286214f173fa175b3a7e1f39daab19d052f7dbf4b6d78b79c18d28942cbc7b3038ef5464c24f9c2476e7c948733636c160df5560d3f7c49b46eb9d52b4fba6782eaf1fc746216a5730aca15eb0a244f28ce58dd50850cf454dc4c94c7a57ad030d4b97854ed2c3af4a27fbc36210e278f86b45cee8445a79cf881959cde7361c580ee74deac9ca0464fbd408e2f81a3951ab7eeaa6f8641562451e492a7acae1b458950e4812e9a125ec262a232a5aadbac786efd89f3129d74285731b964619bfcb2f6700280a31a0e98cd9ebdcd66e379cfcfe60c480eca05bf9afca96341c3e5ce039197e9e4addfed1a3fb20e09bfb8a1f388b59a9bee2f61bbbd35ef97c9fdc498d0624c683126b418135a8c092dc6841663428b31a1750193f90bbbd0dfad24f16c26e95cfcb1352fcf9e393cfcd6ab1f46e722616262626262fa217572ffdb3f50bbefe82332fac10775f16e379deed6d96d3e226b5fc024afd74fc272ec192b7cb5afd2cc0f7db103eaa5803747a7678fa146754939d1ebad0cbc379671f1e6b53ef93b3fb45514ea84160c6ff29d934b980401f9971ffd3aa94befadbb917a4cba2bfaa1ae911f5a3a3c37feb3174fff2fd8d49df1e0dde3dd104326bdfbd6ff8e5b3f1edf4bd561e2a6c881e46e8d62cf24c07b7592153a57b8a8c8e4518cdccc6ad15cb18b23946171b59c1c56fb46a22952e76333d3dd2e75d798498e4eacea3ccfc98df9c0e2dc124543b6dde65371b75f27d56712211376785dae9b27e12e8049c67199bd435ae1954ce434aee79915e0f8f8ca20f4ebec05242d137e1e2451a1db61c3a4ae3b73941ad7d3d0b9544446a676594449b0b3f04753d015426aeb10ea95f97c8850245e1c45f1baa971b91d474916dac8256861e146799de9097107c51a5637164aecb7b2298a5bb3eb44044df6e04b221b992084c8c5b87298472e97234323fc4208410c21e7eeaad3b84cef7638beb0841c0c56028a4f3cd31bb74cb40a0614eb2d5c300833a46087131756de0e6e9191e9bab258443fb3ea28bf0b1af3f954e060552238c126651692d54a8219215759d168eae2ae3ab1cb389de4828df2bdfa580037d51b26f56a76fce19ab0a20e3d815b80ea0e715a1b1e99b07b9adb92fcd90a28d3aa066bb73b0f4acb4424c53d9f364c6cbd44124b9e83f5d77470690849e6092b1e4e89dfcc75d86192ecc8e5f587ce84fa43c51b81cb4922f83adbf0659ce52df637469941be7f2dd4652c035bfc4ef7ed5672516ac9552b9d73c9cc59c324aa50d75b77037ddfeceb19b7b049868cac127c1113280a7d2675dde1f4352a0ae48e1a62b2222bb993290f77e34c0abc3224360993a28e0e85cde7d58292b8ceb508afcad7562833ea68501a8b5dd0d99c1e04783d21d206173272551aa06ab2e8325963832029119c86989002c8650172733b4d387bfd5887c974c8a45ec6bed8ba0d93e0054c227b55a95e7b2eb44c0a33adced4fb1720763e62d232c19536d256ed3ad3ae3fe931b13a4cf46a252eacbd94d69613cc04ba018aef5c2a4798341679d18bcb4929e013dd4d839d7292855c6f075f36e504fc7db39a49dcb4f9b959373cdd76a761520e98c45b48b0b5e5a466a205757cd9c1dd0ea798706bf22b5b0f9860d758dfa6ec31e142e20832c4a476b788ab4b9c2b3f256948e62416d4151548cc5658372bfc16e2247022a9a45ac9e52419b517ee31811e49f4bacf24aa5970f5c253ecf15a261ab13530cf2b29f37d4782c0e0f7ed4ee34ff20de4caeaa085db9d86c99ae7b2ca76de0ef01743aa8352d2f47b93660f0f31b690a3a68b1eec376da45af5d28afa809d7309f9e25bd0b43b1d26dcaafa03c7d1f127fcaa313fad4e43e4ca9b2e73167005799f6e496dac39c16495e326574371a38a1c15d3ddbeee84718e94e2920c653d89e2dd1a193b25860aa81361cd5751248836aeb86118a1ae878da2714dcd750bb3e99fc4661e45c16e87cee45ee1ba5afb7287c4a93e3c047729ea4f4c3199d42e50605027a1acd7a7f398ab6522130a1bf74f4835ca511e86f302db18f3f87bb8289239cebb2d6112a06e53ba13a2481f799dc45115780f3512ae28c17c334d16cd4658819c216b54a16e235fc5a3ea15933bba787b15af6dbc699454a607b6975a11be3b9f6ebcce7afc24dca05e9d80cf246b6fd3ed55d6ab67a136df88e4b6c57463ef1fc808b51f801a86c007f6668aebf722ab0244314e7765235e47ca23ebc5aafa676e7b752ce29b9f8764a023578f8f1bf0d19cdcb43b568254a0a3b1f437759f69c25824675cf43acaafcc881f518c092dc68456716c5bec3f54f7f1624c4c4c4c4c4c4c4c4c4c4c4c4c4c4c4c4c4c4c4c4c4c4c4c4cff38fd1f36ff2eee28dee78b0000000049454e44ae426082),
(12, 'BBCI', 'bujumbura rohero', 22369754, 0x89504e470d0a1a0a0000000d49484452000000e1000000e10803000000096d224800000108504c5445fffffff8ef24000000ed1b24fff72400001ff9f724fbf224ec0024fff924353338d7cf238b8b8d413c0c5d581df8f22400000de3e3e3ececebef5823f7f6f4f29a24000015b4b4b46b6966f06c24f28924f0762373726f000021f9f924a9a8a8ef5f24f7e124f5c5243e3c3df1e824535152e6e6e6939291231f20292520f6cd24f5bf24cdc523f4b124f4aa24afa922f7da24f7e5247c7b7bc5c4c4d1d1cf6b6a67120a0e00001b545020e4dc236f6a204b47209a9422c1ba223330201a1520ee3d24f182244443432a282aaeadae18140d7f7a203b39403e3b20908a221c17051f1a1fb4ad22ef4d247470213b3621979122f29423ed3524514c205c5a5b868122332e0b86847d4b1ab50400000b7749444154789ced9c0b5bda481b86612021286b0071a16a822784e2a12814456b3df4b0ee87da6ae9b7ffff9fec1c12324926274c36c2f5ded7d5ad4564739bc9cc33ef4c92c900000000000000000000000000000000000000000000000000000000000000000000c0425349fb0092a68f4ed33e846469a20e6aa47d104952428de104b5d23e8ce498a07606f50768b796f6912443ed0ed53335fc6780be54d33e9824d8efa041861a66f6d1703fedc3899f01b3a286996a072ddca851372e3e6698a9ed9213ba48b4d1847d611866322dd44fef70e2e7743ace4f0d330df435adc3899f096a9a5f5a8658bb9dcee1c44e6d896b909c211eff4b691c4fec5410df6ff28638c32d4248eddb87779b21ee61e73fa4361d29d46e88fde73da496d0a6fd0587210e0277731d521baeeed269882fd3cefc86541ab59dafb95eaa0ee736a4ee7f190ac2a75b3a73f7c6125cb5d9a69482188e77371b1f1b363e3686ad4d07a7adf130f0c30cdaeedf4fec7c45a81c826fc3b2a4497fbad1ce5c2f9d695279f82dcca796cb6829e98ea98fbeef658329ac689761de67b0772e5de443bdf3aa9cf4f0f2d745b110ecb777af5de483df67fd40fe423a2f84f981fc61c2176d0d5d051f477e742dfd5d0cef47287ed7eeb3a114ff976c5eafa2e5c0c3c81f6ad287888258f16fedfd5e08c5fc1fc9c6f51086c50f9a7418eea2b2ffdc27e97a14a281a46e88cfc578348320fec907495b0efcc9b40d4997711fa6b1090ffe4ad302cf7eca8685eca5b412aa4fe450655956d9d12f4bd255c0159cae6161f459fa1eb58f51b7b772ab3d4b31a0934ad5101f9ff62972279acd293945d9668a855147f2ff88340d8b579216d4c6dca86b4a2e97533664f6cfc2de67edb7df87a46858fca449c15da10bf91d31cc3d1a86e452d69e7c3e263dc3e26fed7d88e1cc6d784bcfe19669982d14ce359fde2a2dc3426145ba0c95ba9ca85d6a78a47212179af767c567581116dd3d0c23476d0e794d51945b997fa9f85dfae135a8c668285c57101be647e3c8519b53dc3ee8c9f6978a3fb58e47938fb1953605f506b161fe307014f3455555e74b38dc5e8bb35f9cd761dd5a6df0352c7e9082c3968f1dc3f9a1571e3d73ac3d4ddfbd742230c451dbe3d71d86831d46d7a9481ac695e063bd0c672b6e0c5ceb0a2ec357456d8c62f04e767e8724a40777dbf730eccfb80252411ffd0d0bd95fd1a3b6dd908cf756a6e13f7b742db8bcc586f59957eaf687133f431ab57d5aa8d755c6bde3e851f130c463d07b77172d342cbd6229b2d6b9f336cc2f9ff9e7e4638303a7229e31a9f80ff94a27a14668488759e75c4564b829eaf6c373d7e12e629b6160d456cdab6ccb71fc7a77e345c9ddac9f607379ddd390263847995160d87a6df9ad85aca513de108f1201515bbd619799b31f51374cf51d9905530f432cb4e208a92ec36ae7f5eb1e9bd6222e6788a3d5e7a0a88dcf95c050c5979eb275b2f78cffeaa9fe86d9fc933df03a0d2bb1ec212b4d9bc1d4b040aadac1515bd5691bb419ea74be84bb1f19ff7d230718e2f156facc0d470ec33e9a080e383a6d33a49a86346a8719256497a17a445e3996b3ea31f962c7a7a731143f6963abb1d80d9bb16d76681bbd9561981f7542466d81216db7dbaaf1c57aa0a1fd82b7199604c172569a6cc4618638516982a84d8a66146e6c7019d23397cbc9e6c47023d89076da66f2e50d1bb1eeabaad3f6400d8b0fc2baa6bafdb84559e5a6b32e43f9c5285aa8db0a294105b7d2ac11528b0ec3da6eccdbfffa64d30131f4aa6aab3d3382ad71425343166ccc33475ee8bebb593d08ec6998d7e8cc683553c3fd4eecbb5407b8dbc286c527cf09f8ad31fc090c55b5db3dc1cd972fadb152702843abcc681a0e92d8a75241ad0a5af6a913c9ea9187a17e841ba47273a4d37fdb84c2199232a344ca8c8661ddb98d251eaa63d4196b7e515bdf121a6eac2bf4f462d57547692dcb46cc0ddd3b9d1b8aacccc80cdb49edfaabdd75fceb15f2aac830a7e48e0fde31c52376ad5aef38a65d4f6ebd17a8582009ae480c5f19b57da82e051a2a22c31b5556757605de2ae67848515f98316ec4818a593cdbfe55fca3fdfaa8edc900a1ceb5f6d347516cc8460b7dcb90213ec74c0777ad53820d49163ebf6fed26b68baa8e1a0374782ff9ac2bf819e2d1840e85f4bf373afbf6b3b2bedd6304fa656999713c4c6c275c1b9d66f6f178f8cb6767c8d4d05c14e4477cfd8636d3477a128fa8f489920bae03f0e8e7639494e029c98078b46017bcd7786118eaddf5dbb52e19ed3843e39a64a752e9e9aa7cf2a2b8a6ff7e90c5037c0e93119cd00c480cf194cd73e2641a6ed12bebb127f3867456915374964c95e79d67058f125104f18ce6e9d764a993c05934ef8fa086649de9b338d61886648a4b2d76f8f9a1ba430db3fa33fb266635d2191cbdd77eebb82f5d42b17735d34da0cc904cd9c4eb0ad4108fdf277297f59927bc21cba46a565f63bd676e2d28c9f0b07d3a743c6cc57dcb8d95010d43cf1a0d3b8724a0a827d4706b8d333c20862f32598c397e7e3eeeaa51048b0f747ec1324d23de11f1ab95014d43326513ed0be2460b995d758f569d864dead9c841cb8911fce88622f23b3572e9699c5343bedc3a35e4a76c62c3ac6c8def465fba41bf1949cc246fce68ccb9453bbee97d83cf8096215d577025389be1ad62379cd62f2253c89e6be7acfb9ece0f9b3185ef9a7d8b326748a66caecd25bca17a6437a4cd16cf2e6610c433a7275715a31e4b156a7f6c2fb7f286f47feca847d90cbb9621d652b3b39ec2fcf29fd6e20157a7e9c7304774ddb26b33a49bbceceb0a36c3ded45039d0f59347a38a18155287b296d9f84ad4e0d5c55277b9b5e2587b2a9c4b2b7c8f2a32545e36f0f49e0d946bd1db285962e606265b35b1f2ca5286a0dc5a71ae90e62fcc2ec06dc8228cb29ad50f56598aebce70061dfb74ec15e1eaf83535fd53417fec32a4db97ad04e7ea69702e5349cd29dbebee6ccb91af41ba78600b888eaa7e6d69f68adb4434a6ba0dedeb0ab6d16283bff042cf8f6c827b979263f1c0b5f67487665c7aaa087391c09084d4e9f665db39a48df424b2162738eab8a6dbeef5c3c98c09ae22ccb622435a0337fa023eb5d1447a1bfdcab36444fb74042ba49b718654a121d9be6c8454566b5bd571ee643de9ec7ef417e7ce85a255ee528c21556c68ed0c218664dad7dda6d35cc5b54d2682e027e94c307d11ee548831a47a184e7786e056aaacf5e8e496544967181da6264f9270962dde6dd28c4dd1cb90ccbfa59f459cb6570f74553ed8787cc93dae65673e835cd40e6598a9c775cfb4a721eed87f9004c72a6caa731931aae0de0faf8dc25ebbbee2ba4bd3db9086d49037a005915fbe96bceace49ef11f631cc16f22bafdb016642ea07821d6de91bba7786cc28f8c1efd699740d714c16778091047f7bee0f7e038624c1cdb4637f0add12eff74b4adb90cce6ce66df4f4ba3b6ffb59cfcdd08874177e75d6921eeb1f31224556dff7d3ac5ff27fccc9772e046a1fca1284e8622bf1c78f7696194d8f2af411b5d15f3fee838de3c04bd4944f1411a1feafe6fd9bb2c272b48269cf72b015c5c8ecf82de23441adf5f04bca5fc1f3c7fa179b714c4eeee97f2f51809b92e8b5f47e36b847f30e8a34fdfcc33344ed13fc2d76b9e9300f77350de386d71b9d6cb50f41c94b74e5358aef530ac7e7b63cf3709451d0916dcc58603347e33d75714fa822dd842c33adafd2f8e270106ee2724890cdb73fcc4afcad0b9e02e30dc9ceba7b655bf387a10b7612bc6bdda6950dbb5d7329d86b52ff3ff0ccc966da07318da1f3938af347829bb617f419e28cc3fc6d366e87ce4e0fc52b27a4bdeb0e4bc7f738e694e473cce70eea2b62f75b33d4e0d71d45ea0a7ec66ac04671a563bf318b57d19a0f744d1301c2ce233cb2be8dbbe69585fcc47eb574948a586ed986e8b7c73d44848c5869b0bf20c6811bba88e9a8d398fdafeb45007cd7fd4f66582440fa65d284a0b11b501000000000000000000000000000000000000000000000000000000000000000000c0937f01081b4b099575664d0000000049454e44ae426082),
(13, 'BANCOBU', 'bujumbura centre ville', 22457467, 0xffd8ffe000104a46494600010100000100010000ffdb008400090607100f12151010101012100f0f1011111515181010120f181516171615181f16181d2820181a271b1615213121262a2b2e2f30171f3344332e37292d2e2b010a0a0a0e0d0e1a10101630251f1d2e2d2d2d2d2b2b2d2d2d2d2d2d2d2d2d2d2d2d2d2d2d2d2d2d2d2d2d2d2d2d2d2d2d2d2d2d2d2d2d2d2d2d2d2b2d2d372d2dffc000110800e100e103011100021101031101ffc4001b00010002030101000000000000000000000005060104070302ffc4004610000103020204090808040505000000000100020304110512062131d107131622415154619115323371739293b2143452537281a1b1234263c108357482e12562a2b4f0ffc4001a010100030101010000000000000000000000010405030206ffc4002a1101000201030304020105010000000000000102030411511214310513213241524222336181a171ffda000c03010002110311003f00ee28080808080808080808080808080808080808080808080808080808080808080808080808080808080808080808080808080808080808080808080808080835ea2ba2888124b1b091701ce6b6fe2544cc47944da23ccbc7cb14dda60f891ef51d75e5e7aebc9e58a6ed307c48f7a75d793aebc9e58a6ed307c48f7a75d793aebc9e58a6ed307c48f7a75d793aebc9e58a6ed307c48f7a75d793aebc9e58a6ed307c48f7a75d793aebc9e58a6ed307c48f7a75d793aebc9e58a6ed307c48f7a75d793aebc9e58a6ed307c48f7a75d793aebc9e58a6ed307c48f7a75d793aebc9e58a6ed307c48f7a75d793aebc9e58a6ed307c48f7a75d793aebc9e58a6ed307c48f7a75d793aebc9e58a6ed307c48f7a75d793aebc9e58a6ed307c48f7a75d793aebcbd69ebe190e58e58dee02f66b9ae36f502a62627c262d13f112d80a5e994040404040404040404182839f7093e962f66ff00982a9a9f30ced6f9853d555210101010101010101010101010105a783afacbbd83be66ab1a7fb2de8feee9015d69b28080808080808080808305073fe12bd2c3ecdff3054f53e619dadf30a72aca222443691010101010d84040404408910105ab83afacbbd83be66ab1a7fb2de8feee8e15d69b28080808080808080808305073fe12bd2c3ecdff003054f53e619dadf30a72aca4fb89f95c0d81b1bd8ec292f78edd1689986f3710674c2dfcb2ee5cba27968d75d8bf96348402278ccd6b6dea170b9cef0d4c51832d77ad61e9c433ec37c028ea975f631feb0710cfb0df009d527b18ff00587c48d89be7060bf580a626d2e77ae0a7da21f2d74276717ff8a7f53c56da69f1b3d3888cff00233c1a9bd9d7d8c53e2b0f9751c67f91be164ea9799d2619fe30f1930b8cecbb7f5fdd7a8c92af93d3715bc7c23aaa81f1ebf39bd63a3d6174ade2597a8d15f17cf986a2f6a422044ad5c1d7d65dec1df33558d3fd96f47f77470aeb4d94040404040404040404182839ff00093e961f66ff00982a7a9f30ced6fda14e55948404127823b5b87702b9e58f86bfa54fcda3fc259706d8823b1bf35bf88fecbae2f2caf55dfa210ebb309eb0543986ed2477741fc944d625db16a2f8a77aca728aa848dbec2368ea5c2f5d9f47a6d4c66aeff9fcb6178591113113e50989d264399be6b8f815631db77cf6bf4918edd71e25a2bdb3c416ae0ebeb2ef60ef99aac69fecb7a3fbba38575a6ca02020202020202020201410f8d68f4358e6ba52fbb0103290369bf52e77c717f2e3970d724fca3b90b49d737bc372f1dbd1cfb4c6721693ae6f786e4ede87698ce42d275cdef0dc9dbd0ed31b4b15d1d868da1f117ddceca731045ad7eaee553558a2958d9734582b8ed3b23151690837b0ac1a2ac2e6cb9acc01c329b6dd5d4ade971c5e67751d6e2ae488dd25c85a4eb9bde1b95eedeaceed319c85a4eb9bde1b93b7a27b4c6f2acd15829e37cb11933340f388208b8bf4752e19f4f58a6f0b3a4c55c57f8422cd6ac081c4b1f66c97c85c03ada8dafd1debdd36ea8ddcb3e38c949acf858390b49d737bc372d5ede8c6ecf19c85a4eb9bde1b94f6f43b4c6dfc1f46a0a47992232662d2de710458907abb97ba628a787bc782949de13217477650101010101010101010101010101040697fa367b4fec551d6fd61634df6955566ae0827f443cf7fe01fbabda2f32ada9f10b485a4a8ca0d1c6cda093f01fd752e39ff00b72f78fed0a22c5688832c17200da48014d7cc227e1d1da352de8f0cc6548202020202020202020202020c14146e106b658e4884723d80c6ebe5716df58ea557516989f8950d5ded598d954f2b54f689bdf7ef55faedca9fbb7e64f2b54f689bdf7ef4ebb727bb7e64f2b54f689bdf7ef4ebb727bb7e65b786d6cb238892591e036e039ce7006fdeb8e6b4cc7cb4fd32f3379de522abb7041a789d4c9180637bd849b12d25b7f05db0da627cb2fd4ed315aed28ff2b54f689bdf7ef5dfdcb72c5f76fcc9e56a9ed137befdea7aedca3ddbf32dec36aa792e649a5733659ce710e3ea2b8e5c9331b6ed6f4ea5ed3d769f86f2aed91069e2557c58b34d9e7611a8b7bd74c759df7676bf5318e9b44fccff00c47f95aa7b44defbf7ab5d76e583eedf993cad53da26f7dfbd3aedc9eedf9959340aba692a1c2496478e25c6ce739c3ce6f5aefa7b4cdbe56b4b7b5adf32e8015b68b28080808080808080808305073fe12bd2c3ecdff3055353e619dadf30a72aaa2202252382f9cefc3fdc2e797c353d2bef2985c1bc20d1c5a2739adca09b38ecf52e98e76966fa8e2be4ac74c6e8d6d04a7f90fe760baf5c3263439e7f8b6e9f0a3b5e47a86f5e2d963f0bd87d2e6277c92946b401602c06c5c5b14ac52bd357cc9235badc401dea62265e6f96b4fb4b42a715035305cf59d9e0ba571f2cccfea7111b63f3ca29ef2e3726e4aed1f0c6c979bcef2f9479110b57075f5977b077ccd5634ff65cd1fddd1c2bad365010101010101010101060a0e7fc257a587d9bfe60a9ea7cc33b5be614e5594840412382f9cefc3fdc2e797c353d2fef2985c1bc20f0abaa11004826e6da97aad7756d4ea2b8622661aedc5a3ea70f05ebda9558f54c53f87bc55b1bb63b5f7ea5e66930b38f5986ff00112d85e56be1af35146fd65bafac6a2bd45e6157368f1e4f30d09f09235b0dfb8ea3e2bac65e59b9bd2ed1fdb9dffc23dec2d362083deba44c4b2ef8ed49dad0f9479105ab83afacbbd83be66ab1a7fb2de8feee8e15d69b28080808080808080808305073fe12bd2c3ecdff003054f53e619dadf30a72aca4202091c17ce77e1fee173cbe1a9e97f794c2e0de1047637e6b7f11fd975c5e593eabf4843aecc2113092c32b48218e3707534f51eaf52e57a7e5aba0d6cc4fb779ff00c4bae2ddd841e3554cd9058ede83d217aadb6956d469ab9ab3131f2afcb19692d3b4156627787cce4c738edd33f87c23c2d5c1d7d65dec1df33558d3fd96f47f77470aeb4d9404040404040404040418282b3a55a39256bd8e648c60631cd398137b9bf42e19714de7755cf82724c6d284e404df7f1783972ede7970ecadc9c809befe2f07276f3c9d95b9390137dfc5e0e4ede793b2b72f89346a4a3e7be46383f9a000411d3d3ea55f538a6910bfa0c138ed3332f354dac20fb8f047d6f358f6b0b39c6f737beae85674d8fae659fea18a7256367a72066fbf8bc1cadf6f3cb27b2b7272026fbf8bc1c9dbcf27656e4e40cdf7f1f8393b79e5ea34968f9ddf3534ce89c637105ccb0246c3ab6acfc949ada61f418a66691bbc9737410922d1f75638963dac2c68bdc137ead8ad69e937de195afd2f5da2d0f7e404df7f178395aede7967f676e52fa2fa31251ca647c8c703196d8020eb20f4fa975c58a693bbb60d3ce3b6f32b505dd6d9404040404040404040404184051b826e09b881d2ef46cf69fd8aa7adfac3be9bed2aaacc5d104fe8879eff00c03f757b45e655753e21695a2a826e91052748beb0ff00f6fca1646a7fb92bf823fa211aabba8827b4447f11e7a320fdd5dd17da55b5131d30b52d254148ca020202020202020202020c14155d31c7e7a37c6d8b259ed79398176c23bfbd57cd926931b2a6a735b1cc6caf72e2b3fa3ee9deb8f71756ef2e72e2b3fa3ee9de9dc5cef2e72e2b3fa3ee9de9dc5cef2ecb74867abe64b92cce70ca0837d9d7deb867cb378f968fa7e6be4b4c59f4aa35c41876312d273a2c977f34e605da86beb0ac69ef6acceccef51cb6c75acc3e797159fd1f74ef56fb8bb23bcb9cb8acfe8fba77a8ee2e779765ba6f584d8086e750e69de9dc59eabaac969888fcbd6699d238bdf6ceed6eb6a17542f69bda665f458a36ac6ef85e1d041e0dd239695ce6c3c5ebb662e05dac746d56f05ed48f8626b7593193a6bf87a72e2b3fa3ee9debbf71752ef3226f44748ea2ae631cbc5e51197734106e081d7debae2cb369da5634fa8b5edb4ae01595c65010101010101010101060a0a07097e921f6727eed54f53e619dadf30a6aaca4202093c11badc7b80ffef05cb2cb63d2ab3bcca59716d083471788b9971fca6e7d4ba639f966fa9639be3de3f0845ddf3fb7e1f4c6171b34127bb5a899d9ee98ed69dab097c3e832739fe7740fb3ff002b8defbf86de8b43edff005dfca41736a08342bebc339ad3777e8dff0095d2b4f9dd99acd74523a69e50a57760cda6677911e56ae0ebeb2ef60ef99aac69fecb9a3fbba38575a6ca0202020202020202020c14140e12fd243ece4fddaa9ea7cc33b5be614d55945f713038804d813acf524ba63ac5ad1132de650c5d3303eab0feeb975db868d74783f9646fc3244c195ae681eb0b9cc5a5a58b269f1d76adbfebefe951fdb6f884e9975eeb17ef07d2a3fb6df109d327758bf783e931fdb6f884e993b9c53e6d0f22603acf177ff6a9dace133a599de767a367886c7300eeb051b59d23360af89861d5d10fe71f96b4e892dadc31fca1e1262ac1b013fa05ea314ab5fd4f1c7889968d4622f7eaf34776df15d2b4886766f50c992368f88ff0d35ed477dfcc88082d5c1d7d65dec1df33558d3fd96f47f77470aeb4d940404040404040404041828281c25fa487d9c9fbb553d4f98676b7cc29aab2908080808080808080808080808082d5c1d7d65dec1df33558d3fd96f47f77470aeb4d940404040404040404041828299a77854f50f88c3139e1ac7875b2eab916da556cf49b4fc4296ab1daf31d30ac7266b7b3bfc59bd57f6afc2a76f93f539315bd9dfe2cde9ed5f83b7c9fa9c98adeccff00166f4f6afc1dbe4fd4e4c56f667f8b37a7b57e0edf27ea7262b7b33fc59bd3dabf076f93f539315bd99fe2cde9ed5f83b7c9fa9c98adeccff166f4f6afc1dbe4fd4e4c56f667f8b37a7b57e0edf27ea7262b7b33fc59bd3dabf076f93f539315bd99fe2cde9ed5f83b7c9fa9c98adeccff00166f4f6afc1dbe4fd4e4cd6f677f8b37a7b57e0edf27ea7262b7b33fc59bd3dabf076f93f539315bd99fe2cde9ed5f83b7c9fa9c98adeccff166f4f6afc1dbe4fd561d08c1ea209dcf9a2731a622d04e5db76f51ee5db0526b6f9859d362b52dbda1790adafb280808080808080808080820b4c2baa6969a5a9a730134f13e573656c8ece1a2e40735e32ea07a0a0a468469d62b8bba5644cc3e3740c63b9eda921d98916b87eaf35424c3b8529e1adfa06294b1c2e12b623244e716b1ceb6525aebdd86ede703aafb36a21d4d48202020202020201eede8397c5c20d6b717185c91d23982a5b0ba46b6663887303c100c8403623ad40ea0a4101010650101010101010101010101040e9eff0096d67fa2a8f90a0e37c0de3428df54ff00a3d55466861e6d3c6e99c2ce7edb79a35fe85425e1414ccc77157cd513c3481f50cfe0bdd69de230d02368200cc436c75dc6bd483a5f0afa6b2e131442068e32a1cf1c638666c4d65b358120179bea04f4152856b4e748b11c1e4a49a2ae9aa61ab8e490c750c800e671648fe1b1b96e241de2dd282e3a758ccf1e17e50a499d0bdb1d3ca0658a40f12b98dca73b4ec0fbdc5b620a5e07a418e57e1d5154dac8a214ae95c64e2d8659b246d798c00035800d79ac492eb6c0a059381ed2ca9c46099b54e0f969a4600fb0697b1edb8b81ab302d76b1d1641a987692d4e355f514b4b52ea4a3a48cf3e26c6e9a67e6c80e6903806dc3b501b06dd6a46782bd2cafa83534f88b4e6a36e674a5863ca4121ec758004ea2477041aba2fa495b8fd5d4362aa928e8e998d31885b09964cee2185ce91ae1b1ae24003681dea06f7075a713d4554d8657163a781d288a568c9c708dd95c1cd1ab35ac755ba756a4144c5c4a7499e202c131ad88465e1ce634f10cd640b1206db5d05834b349315c0ab22e3aac56534ed2f2d7471c5a9a40900cbe6917041bf4ec4160e14748aa6968e0ada1a92c6ccf8db6c90bdb2364639ed7739a483a874db5a911eed25c41fa3ecc4db545b54c7ca5e78b80b6502a9d0805a5b6166816b5b674a09de0971ea9c428df35548249054be3072b19cd0d6102cd006d2505d90101010101010101010101040e9eff0096d67fa2a8f90a0e5ffe1f3d355fb183e67a84abfc31189f8a3c53d9cf2c85b264d65d36cb0b6d7db8b1eb417ee1234be6c32929a1e299256cd00739d20123622c6b439d94f9cf2e3abf352281c2747006511655fd32a6482792aa52fe31ce2ee2720b0368dbe92cd16e9503a4e99c81da386c41b51d003620d8e68352942078363ff40c43f1567febc6a067fc3e8bc75a2fac9a7fcaed910577829c5061789494f54446256ba99ee773432463aecb93b01e76b3d614a5dab16aa8aa639a8e295ae9e4a49886b4e6ca08ca0923536e4eabedd7d488730ff0fb764d5b1b8657b594e0b4ed05ae95ae1f91d4834783ea774fa4134ac04b209eb5ef3d00173e368fcc9fd112f3a936d2a37edf0feb03142123c3f5e4a8a28583348639ecd1adc4c8f8dad1f996952949f0b387ba9f04a584eb34cfa489c7bdb0b984f88fd5421171d5c6cd136b1cf6874924cc60b8bb9df4d7bac075e5d7ea4163e01bfcbdff00eb65f923523a4a020202020202020202020208cc6f0282b99c5d471a63208731b2cd135e3fee0c70cdb3a504153f0678546498e19632458965455c648ea25af171dca048e0ba17875138494f49136417b486f2482fb6cf792420f4d25d15a2c4831b570f19c51258439f1b9b7da3330836361abb948d2abe0fb0b9616533a9182289c5ec0c2f89c1ce16712f690e24d85ee4dec3a906c4fa1b42fa66d1184b69587308d8f9626b8def7765702f37d7cebebd6a07851e81e1f0c32d3c51cac82a2dc6b04d521afb7fbf55c000db68d483db47f42e870f7ba4a48df139ed0d7ff167735e05ed76b9c41b5cd8db55ca91afa49a0187623271d5109e36d62f8dcf89cf1d19b29b3bd675a093d1dd1ca4c3a3e2a9216c4c26eeb5dce79d97738eb71f5a0d2c4342a8a69dd541b2c151234b64929e5969dd2836be6c84076c1afb820ddc03476970f8cc74b108dae399e6e5cf90f5b9eeb971f5941195da17864d24d2cb0b0cf50f6c8f93339b2c6e6b435a58f0418f53479b651bc1bc43db0dd0ea3867fa5e5927a90006cd3c9254bd80020652f272ea2758eb29b896c5b0c86b22753d446248a40039a6fd1ac1046b041d770a455e93833c1e063d9f47b89806b9cf92473ed706cd71376ec17b5aea11ba6b47745e930e0e6d231f1b6420b9a64964692355f2b9c4036005c7505294da02020202020202020202020202020202020202020202014150c6a2be21186c6c90ba91fcd75835daddb4d8aaf7fbc29e5899c91f1f878e01883a1a56358ebbbe92e8e4cfb62b8be5636f77ebb6a1dea296dab1b728c5798a46d3f96d43a413be1a79008c3e6a9303ae0e5da45ed7d5b362f55c93b43dc66b4d2263f2d1c4f117cf4b9a50dcd0e22d8c968203834edb6b3d3b178b5e66bbf12f17bcda9bcfe2566c16bfe90d7481c0b33b9ad162d732daacebf4ff00c2ef4b6eb38afd51ba4d7b74101010101010101010101010101010101010101010101047546111492099d9f8c0dca1c1cf6d8750b1d5b4af134899ddced8e26779799d1fa6cac608ecd89fc636ce7b4e6e925c0dca74551ecd3688dbc0cc029dad6b435c1b1ca6560ccfe6b8f4edfd147b7111b1ecd7c6c1d1fa7ca5995d95d371c4667f9ff6af74f6ebe0f669b6dfedb14786c50bdef6021d29ccfd66ce3d76d80af51588f0f55a56be1b817a7b865010101010101010101010101010101010101010101010101010101010101010101010101010101010101010101010101010101010101010101010101010101010101010101010101010101010101010101010101010101010101010107fffd9);
INSERT INTO `banque` (`id_banque`, `nom_banque`, `adresse_banque`, `telephone_banque`, `logo`) VALUES
(14, 'FINBANK', 'bujumbura', 22775444, 0x89504e470d0a1a0a0000000d49484452000000c9000000fb0803000000f7aa4091000001a1504c54452e3192ffffff2e30942e31932e3190af946a282678f4c32be6bc69f5c340272465fffffd2e3095fffffc2e318ff5c12f9ea1bc1d2485474985f8c02ef4f7ff272983f3c651292c8ff8c54ae2e4ef07096f150e75c7c6dc866f60292b89a0866489735f24236b746161191a7c7c675d383062deb86ad3b16b50435400006450415defc35e7f80a413196959589424248cf2ca6a7e7f9aaaadc7181a762f328a5c5f90f5c7563639862421709c8065312a668d90b16652587576a12a255a2c2e82d4d5e5313480000056e0e2eb525285414283333577f1effa474586666694d0d1e4a9a9c176789d67659f9c9cbd494a9451416240365d847078a08a7e12126ec4a276d4af75d6daf1d1a8506e5b47b59561aeb3c4574749a6a8cac3a163b0905b2a18546a5d70b39ea0898ca3352c579d9da83b2e4bd7a444be9e4e251941473d4e9e845a675046544b572e263d6a5563a87e488b713c1a165ccba871dbb4476a4e37d1b18febca8589746d4a426fb1987de2c05cc0c6e58282b2595ca68e90bd6c6e8e9796d4c9cace585779b2b6e40201783e416500004b0000377f82c04a4ca2217822bf0000194049444154789ced5c8b431bc799df7978f51a062dda655990d796d780310f61ed02b2655bc280840043dd53e2d60aa4a91fd7c6c9f5aee9d57563e2d4cea3e95f7ddf372b092d363e37ced511b7bf3820b1a3ddf9cdf79e87342d468c183162c4881123468c183162c4881123468c183162c4881123468c183162c48811e3ff0bd8fbeec04f019f5300e39a10efbb2bef887cbd081428fca3efbb2bef888c59f16d908ac6065dc56a84e40bb67a39e05ce62b2671ead5800dbc54027fa9419c8d800dbac16b5c33369c8c53d07830e8ce986b6ebd41f2be9483ce844aea2e9964ce1874f5e28232e15588b929387fdf9d7927702124a37e8d943cd0af4106434150b74948dd1d6c3b6152a38cb1d616d936d829c859a8b1431c5de36ce099485637c9927b1a98086f8b640d6df099705eac902def1430a1817d9b98e3a78009937c95101d280db627c6e48bcd10b2a112fb81970a3059b04f01132a9089cbe8c03361f4b4c84469d7c829b0134883e7218754737883edbda4b43709699d8278a2c9e20de28c9f82bc4b70234bf2a7215b11ccdf2295d390410a0159fdba7d0ab48bda4ba451380d95163376c14c06dbff86a01e9ac9a0cb03417d938cb8efbb173f05ec26d459a741b9343093dae09b091250d1e42d99fc5c9759a426207d2ce31c9108bbc8345c44150c27f48e771a9c341582aa45d637259b700f4d72a6a07105f571fcec8fea2654e50c274e183f7120250726f63a310b5a87097482c29f5fd354e25f15058d4be8d6c99d0a38e5d1f280b120900cc7e8c71091381e4c30f8fdba9e7540252b66c996df9b8dc0c2b133dbcd22a02c1c681c1c78f10626702d0026106859a711e702dbbf2ae6b7023c9b4bf8a8445d39a90d4ed74f84d376bd5e705b9336827681af84660b90856d6be11576e24d41bc4c521a8e0607510273c48faee2048c9b664bd40879d23a0ff687ea9874f5fe22206b591979159b237bb6166c846ff66c2a4fd614d0d8fa2f2e4770e766c19201ff718b3422c0fb5dbafc8bba94273d540df8129809ed1930d538a8dbebe078dccb872fef7a94d31397c104777f999c8d6031397de67a4131f9e7154c704bdd2ff96f3a3f79ed8d62d2b5e583bdf7d85263bbd3f7cc108064148686d65a1298c04b92715aa85f27dfd43d3b363c3c9c030c878017a9d90f1e558fd40358b150494fb09ea307306a9d1f853b8d9dd34f5669b81b245df75d4a39eb3c0098f4cb04a874b036a1f9c8642843800963114d090daa3b889662a20874a90c0f27524f2e557bddc3c66077277901defb816d7b4c4e56697007e3104d6cf49baf3001396442b928ac4d50a55d2015679cbd6931afc32431dc114a2efc974b7df8003c0ceb52c796e8d35ee75a2323f3164cc0c760346951addbb3634c904a17c02494c9d090d3623c3a9491314426c021915a1e5d468c8ea6f06d6e78f66c5576dc37fa68e5d88ef7be03bcfdc94c224443269a5121f989230947981cb3f896f4f3a6c25d9ff5a418e1d22713e8fbaf7e7d41e1e2d97b5fa69470be287705c021d87483cc6bf44b08b8d08d597d4c4e324e30373093dda28400f92a13d2de99ebc30d5793d595d5d5d5faea0a8ea5ec8d1e63b66d1886dbd5b88e76a50ed2aeedbaae1558fa47b34adda6d3b23b8696a5ebe5b2ae5b3de552a1270c411a7ccab26487639409460e6cc8fb151c5cee6a832cd812d4acc796f598543cd7285a4608d71554babe853db06c1670cdd2f1a515c8c0dbdbd9dddfdd19f16d358c14b50b7a7e508090c654ce50fe3895002ac9df044014f2bdeab5eb57ef1d7c7170efccc5cbe52ada2b34ac4e5ebb3979ad1a04e5c90b57cf9d3b7b296d8163918a09581a30415106fa35857a10918a0b665295e8c4ba19643f1310968088ad85d90a08b0ab5d1e24039e13bea9f8f54e9831f32316ea44c824973b2874c69b51e36a2a01fa96fc0d0a5393e98bd3b32954b8546af4cb0fae17d4e8573f7932954c4efdb53c792eb93c3636363afbe1f5b2c0144e31c98d9db3307f4d5f9d4a4e25bf7cf2dbd5887aa97539a9b1939860e6a69870dc6288f1041d0158bc727ae8c8c8fd259374fd9bb9ee2269649248a40eca30100a9af558f57b3a2d5044d7ce2ca7946bc3bf41a4b95ad0c013b81746954e7e3435165eca0d2f5ed431790b99a4ce59d015fffcacf2261f3e886c2140bfba6ba09675a9459940a6237927318712005a0fa11b53f164dc1c423f461e36307c42d8814bb81a2e7947bb8089503927e8cda3245a7cea4c190297289c594e0c271493847204cb7fb1400fdd0bcbe8b6fffdcb542e0103017f4fa4a62ed910b83ada75559752bfb83c0c8a9a9a7e14c9c1186b6109cf287b3d13c3b695cd42d20879a1a41d26e0c6a01932512187843900faba2172c33862f2bbdf5fbba970e7fc34f8e15c62f13a6e65b0af2faaaea646676797c754cc999e84180d32018239e867023b0b2f12a0513a74189984166f5d4f2ad731f5a92bfa9d27c3a4ab254f62921d59388284544b69175132d13464d2093b5d9f0d2ff27e47bbc05052907085c08ee452cb57cb20595a3833065d4d25cf5f7af0e0fa81ca06662f8045ba17c6c2303a9a3c3873308bdc73b9e99b94f69858d58f165194a9e4a796d0fa2d9eaba48bf76533fd4c22f1c46c819ef4f2ae090805c044092843f23bcd8a52b10c461ddaf35d47403d4a2c3f4e43a1c1797a1a063bb7fc992fa12fbf99068bc98d5e7459c74e72c3cb8f1f94adf2a753ca58928f648fc9e3f223680d2da63eaf82af137d7602a10ecca4df702232c9643abff0c53838ca30c643772740d7c6cd8c320fb23d63b8fe7a483c435a228cf19da42bd7c92341b77ef5117a658da53f84b0bffce1b522da10b867b8084c384326a8941fff3180fc57fff5a892d6a7904d7499fcc7878ac8e2f55529a2f912d51b90749dc444a55cdd5c858c73aa79af613264a6c1536b7e0ddd1afc37cf3a4c868f52e18492ca58f27c1adca858fde40fd7af7ff2b2aa05d2ad3e9802f944987c7909dcb410f6a78bf8d1c54b6ec8249718fbcfdf298fb778b18ae563641f17265dbaad9dc04469524fbb66e4094c5ef80253eabc4ad386fa982486312800c6c65083402ab3e77574c9d2b55c08aafa1f6f7e7e755ad9468f09bc9eba2924d6cb77a67024662f75640275c1584ab9edff2a60686091186f6034116f62d28389eeea754c704a199e5c2c813c1413decd2021efba7811d3ae8b671f4387514a8b9703e80038b7f4e5f3f7a6a7169731b50ceda42793e90296189c4e1e63920bab841c3a7776bc9806bdcf1a27338958fc0cdcfdb54c4a45dcf256dc4675cc1c69178ce14141f97080fee01e8e772275ae40250f30c48f428c0757aceca99f4962baac160d90c9f07126ca23cc5eb0b0508b502937c8ba2b4eb4f8f69523ec58d0ee5526809009149aa12b0326477917a8b3728c3c7830a5ac65fa1a04b1071fcca6c2b0981a5b1eed58bcd661929b2e8095808b9b9c1aee6732dc751c104c6e82a6d3485da14af8e8cc543483841c371c54d7862110c798a8ca98943ca5a8d930d490f99e1756d94a98053151bea7c63379476afe995134dce1b1e5e487e73efb78acc344eb31c15d8d4231c9e5804927322af79142f35b3eaf83e023b31315154d4e6652d47aaa0791fb2426c52e930c3992093ef6a01c160b609aa2f0b1aa50927784bcb4a86ae12f1f5fb893d6f573a95c1f93e12e13fa1a2689d15fcd22d754f251c005ed57a617104da265ecb16c45b26e51f7364c8ec9443141ed827e89c2c17087897e2e14d8a3820d97f4c71126b91399e067bef8fdd53114cbd83d681399a559c312fe4d4c78cfd7fdb34c54565be661910a7aff28a9b4636a9215eea14f5efecca538f1593848bd56bb5e95c9706aea810be686f636fb79109d1121e631e53aae5d5829859521ff27b54b0dfb1f75accb0085471fa85899faa0ccca5f6067161f094856040d93e4b7d12e88f13ac55418129fd41737794426995a8bbf325b41fb64024c4ed02e4d318108125a3c0b6542fa6592fbd3e373e7ae5e3d07e5df41722c8179eee8594b940fd00d8d7ea6c32056d3f7545e73e4bb72c884828be831d13a4c1290416ada4dccd3868797cfea91c808d104fa17e542851a5e1ced4a1137791f894b7432c8219409eb3129a220adace2319499070377cf42c731df4d8d85c0fa103a999abe1908fd0c86c3d4f4a78572fa12861930148c2742c92497982ee06c070b941746265456cf63be0f4c28b7aecf62be009a16c9b2c04c8e2deec01bda5f33caa3399390898afd28930e138c8c50e04b60826517c47888bed530c6f7e5c2613299fc832b216c2e2b455b9c3e985e4c25d0af263a9151e538d30581cb0172722a11c613c1aaddac5e4859b8a75a85854b0fe6aa7d6c2e1127ef8bd9b09a4599f44552d6ab1941265469972ab440bb2865474c20aa55cf8fe58e5141312c5e2ca0bd3d48820f5697a1ab637f42df05268035e3a8aa48a011eef7c76c05b50baa564bdd0f3acf03617fae9c786ef192ec1341cde3c7d702a0408770ddd12e83f5cd6a29262aa7843a1e1241ace3f15da988134556e8bb80095464eed9d1e128401f16bff85c471b67d6f9592524cc0767cffc374a08944584da85799750eb0ba05d8990093550bb5026b8fa81851a2439c35fa4fbba9d35826333d5503e4a6bb7a35dcf0d799c4978c16941106e99e19b7db4f89e4a9a58a957ff929c5d8e4cd627a7cf7c5e904100d529a7d7ae2ea654793b96bc9abef36479797679f1b7baac5e5033fc7f2ee0e4a4d426ff8cef9e5c0ea466fda533578f03211f3dc19b2f3ff9a42f8bbf6d07c7a6f171d9c6fe47a7e05dc1151dd1c72458b8bd747b6969e92b1bfa63775aed5108b84cac74de5a3818f5cb972fe1bac9a510977f3159d0616c2963010c962c7f7e663ab9983cb87a4717c177d8e20f4fa12775f581a701d0803aa6fa14df5d5ec555bd8d4bf0faf206cee909163cbdac6e3fd2d76ffbb5cb19ccee40753fd2e0e80a3d6a1666565aef52382919bd653867aa5ac2b0f2402fa4d36960877fee7e8ca93b861e888517b47013330b9fdc9bc9ea7beebb0127307efce610353d1fe0b4d79b162bff35782b26ac7fe63df2699cd966ddb5f0f78bb762424f62c2d525f6c655b17f15de4d2658b8d29fc936d877b3134c884271b09f815462c4784bd0c1c3fb1eb2ff6b303e787865bd98e18477393d802858b2bf3c81148807d7fe3a951c387c3975b61049da2067b07e0975312eea250603ddd22df934f21d315c6aee27c9d420e2c9b5c894239889285f383388b8ec46274f3983f2591f44c8c84e99cee6ccae1f63afdf0cf3b303aef00b2ab5c1fe9685183162bc2bd47e445c29c11ddf5c30dedbde1f5eee6cf5ef6df3a66f75e401a75871fd8c1f2d38776e8abb5259778f7eb4276a5bbfda4c06057667635977e35d6f1aacd7a757f34878983f3161e193a537e159e14987de7ed8705bbdc4b5144ea9eb192bfc8df322d81b1819e9c3bd7c0fdf8bc8980866b4021cade375066ef2e41ec2c0af1fe8ae23e26a0a4ef8850793a93a2fa020d4ebfe1b087befd956edd0909abdfaac76f707bbf3e43083ee36c3a56546eddbf9c6be01634ac36a20b24db493732b26ee57cf6a5b77b74a75ec437f462ea5f5bcd6d8b3e4d178f0deadb47f3cabd5ee6e655771535ab7de50072b68383f46a383c87934aa083e69926d836bfe36215ffba2a70d471b93b99a34d40cfcee9f1bae5ac55397c34bbc7fd0510f81aaf135210fdac4d185e88c61485a507b84987e64db4947eda093ee08f4609b3875c93b4fc0fb8142b82e1e7810dd7b8870f87874abbea462ddccb47daad5cda146a1b779b85f15d5d101bbfa3763c221755b1913edf6afa726e1fb5026dc9d23b5d606214d9b07a1ea0b35fd28b9bd84877335ad1ba5f116f820ec9cbb4e48eb9a496ed84ceb741b37fe097b015445849b674332aff9be44c69971f882e47deaefbf18daf271e2d6c6a333d295eac005bc53fb2179abbd6bad9a0d5fc263d04da88b384f6e8722871152d3e2546d732f91920723bc03f7c2366af860a4392eff650daef5f6c9e20e4575ac039818f789f36db531b45f045970f521c65c69cfd79a2ee877678b28c72ec1604a372213b885517a887b71eaf9353c8bc28d95a5aa1b18fe4275af1a48abbab012e0f69ef95db26e2cc14857375d78b2be605557a4af2fac589b2b9d2ef9232bd68a8beb64c2ab91e71315626ed89ab7b967ad0496bfb269c187849f27cdaa5eed6e0766dcdadbd4570265025e9eb4bd0d93545cb7baae5757027f7541dfb4ca7992b6fcbd3d63651355dbdb5cb0245cb1c0dcfa98502afd120cc584b7ff1294a128fdc3adb6b362fccd212fc99ceb37f34e43d7c0176d1152f32a64b7e090115b16c0301bfbde376ba47e486a167a723e9175b2b506a8a9d0281eff6a39a462717fced9cf9bd65777cdd2fc1658d978835ccb9acf56049e58029764349dfcb6b907be4a326f8d54bc1b84acbb7b77f359f3307866e6b364d2c990d27387cc6d34c806b3fd529e9456e0ca7d7325b20c2fb95e6a127362e41930490b6b8ea43740330a8d172f4876e2d0bcd9261bd8aa42d66e8fe7c9d75b1972a3e86fd5be77c88eb54ed65e368859057b14c61c793a47b68009d52428fcc3b5174b9eeb2e9197578833deaa91aff326691737c85a6ba7d4c2051f3cf105a6b1b39431c751a16d30aca7f30e29e965a77dab013a70853c34c9e4367931525823dfd5083934fcadfc2db336aeaeec458e9406f6edec3a316f959a15d298b737cc5a6b01946d93e4db8d669d946e39a60f822fce013dcf21f75faec1136e909dd61a1981dfedfdefcc86ce25a555676ba682fb1139c5bd634e76edc5ba0bde6e6dfe0a69fb6518ee2b0f616c76487ef21b5f4343d6c0c5fa5b661a9f877b24c119901a12f177c9926e36aac52cd96e3bb7da640e0760f7bb35b2e957c8fa3a297d5bc12b7ebf9d085ecc6e6e10f3bb6733799237c013a37cf3ad26c9d757c6dbf8b18a018f01159e73cb64ed79da3457276aa455301bf3de36d95aff1a77f28096cc91ca441bd40743bb5122ed9925d2a8db4db23d91052d5b258dfdef6b64ddcb92fbb58aa11e8ddb8c4648fedb43b26fe06b6397acaddfae7a426f34c6474099c1a62afe8a1ab3263cfa1631c7ebe6daf725b2319137f75b2bd17042bd67e53421f905f8c0ae516e90051f46623c4bf6fde2aab9f6d2d9f705b85050fa3db89d596f92dac406a98d8333f581517ea6845435fcc2800ddf01454647852662ac9a640eb835c781000ef7c8aa69eade167901668d1be6f12812745eb5c1c5377406db5e5148d0c836a8cfb631d368346db9613a3ab473ca4df2e2db39d2beef34adf9b5c6926d47984861957c9d646a2d1da29201d2f121fc3527f2e0d4dd2671f6973c306741cb301ef83d0d33e044bd2b205ef8ed574d32026c96f096f3d06083345a98bf692b7890ad6e66b2330e29d789b90a7a921f879e782d933c246b9eed166ddcc705c4160a0d32823e97cd34c87ddcc1048d9f7f0b3a60d4e17ec202f540e9ecc2e866c74b245f5935c0a29caae051832f8e948a9603ee02bff0cebe0d23beda70ca332669d9a030f919db75711114346e62628bac8f6f9126aa203c7e099db23f83df0c22303c3bb74a99fcb85ae16c9246157e901bb708f97e175c37286713142b6bd589f3774266f616f6eb20483e6e92f41c71e6713b4671234336dc7007ffed1193d4d10c7d66c0d3ac5b269907a9bf6cdd85c74acb467632ba5269bb3b73457f2def7920bf96bd0e6abba346a3d6d23050cfb40e6fbb1a7e6dc6c3c342c3acc39836f74ae461658dbcfcaa025e6081e40f03d09405d2789987463a3cc0cac280cce4879cd532212fdbe4e10f30dc6918ff2b87d0b95b0ec92ed4322588c26c86643e2991178716445f7b8798f318bd4100f7771b66731354cfc0b3642f7f80711aaf361a739b35d0c6c237ad5d901e8f320103b8eff9b5251be2843323ca8ddadf9df6840dea68506d9d0ce5b74a16e5b84bba7df894ac4dd409d96f5508b96f825b000df0e6887908114a56c9500d52a6db12ba023a95ffba0de1c96a9943e643d2c09ef8e0f9eeb6c0aa4071b666d632108c9906c6695e21e673038d2b4fc82d2c2cacfd0c81bcad348306a68d3732ed8539504c78f43733fba4d1bedb6c6d4150e3d16f19aceeb7db5f1937f47fc0eff673300d275f2953f776fbb6ad51abd2702a3e66a3ee8dc6aeb7d09e83b8b45fb6579cd2ad67b511e3796943abe72b3ea6105ec9a9df70e6c0bfd2e0791b515971b95171d6971abbfe42bb621895671bdef3f69ebdf4ac00ba5cf2a02a72e79ce6ba932d637af5b7f676fb7980e708479cdd99bbf9bab55baa4a69ec3b4dffb07dc3d54ba5025d7d66d6d68de23e248a5133d168d1f32091816cdbf73c17443ce11b8205b66f0b50136302aa057564d9821736542fcc2b6ac2f50dcdf7b9b03cc96ccfa02a9ff326ec2a34c2d391866f18f03f5402c29a28626b5934e0cf9eab1945c12d2fd0661a4b781c8b5abeebfa454ce135e8818f277729833208ee6f33a308291933fc223cc916dc00c94131e5bb42b38a688ff458568f3754c78c3191a5b8938761c281275f21e24116cb70d7074464a6166e71e73166a6140f7ac35b1b670021c51478101b4b29dc34a0325cdc028939bec0ad1198dd4a75cc0c3e1a1873fb3e9e05c71668f961e622a83a334cf1865c0d25c75da8e80eb040a2ea14307e40a20e43fb63b35eea8869b8fd4e7d6b72ef1047b7e20d7f8695085355aaaa5eba85090fd7718fefb052376261f9d279cd5958e26af60f25c86a5455cd78ff8462f4d958637195cc6be139f0a3defc2cd6c135fc9e40ffe7d2957703945ee2742cc7abb27220a6a1ff7744f6600f30b83a50febe7bf193e074b0881123468c183162c4881123468c183162c4881123468c183162c4881123468c183162c4881123468c183162c4881123468c183162c4881123468c183162c4881123468c183162c488f193e27f00dbf08d47691590230000000049454e44ae426082),
(15, 'IBB', 'bujumbura', 22774433, 0x89504e470d0a1a0a0000000d494844520000013a000000a10803000000604a835a00000120504c5445ffffffdc1b1c909294231f20000000001f20c31c1df9f9f9201c1d2b2829dc1011d90000201b1c302d2edc1617de3233e15a5c140e10fceeee757474fce9e9d23637889a9c171f20fef7f7898b8d1a1516f1f0f1989a9cb8b7b7080000646162e3e3e3dbdadae500003e3b3cd03d3fb7b6b6868484d4d4d4eb1a1b96989a545252cac9c97e7c7dabaaabebebeba7a6a64a48496b6a6a111f20f21a1a434141f7d3d3791f20ea8b8c631f20591f206f1e1fbc1c1d2a1f20f5cbcb5a5758061213f2b3b4e14b4ceea4a4541f21352021dc2929e77d7da71e1fe56869961f20ec9899d01c1c4a1f20a60000b01d1fb4696baf7173c400007a8b8da1b3b4b391929e5f5f83a0a2841e1f751e1f971d1e394a4a1a3031e15f5fcb292aa61c1ddaa6a72f2d8f4a00000e0749444154789ced5dfba3dab6192558d4e65e735b85262936083b14135e061ab6755d46d275ddd6a57bb4eb1eddf3ffff2fa64f32066cc9c8f862eb263e3ff4e6de1a5b3a1c3dbea34f72a351a3468d1a356ad4a8f1a0e00dbb79b059565d608d30433807d0bceaf26a041f19eab00cb7eaf2ea842e06525e3d53c1eb4dd5a5d50a1ec8eeb3bfbf7874771eb76faa2ead5e5880ec5a8f5470fbb8eac2ea8590c9ee1f2fce3377f365d565d50d3d02b27bab20ba5f555d54dde062cb309efdfce579ea3eaebaa8daa10f4db6f5c1dd19e6eeeaf69a8603b2fbea5c6f77fbfbaacba921965c76e7a8fb49d5e5d411239b72f7ebecdeeeeeebaa4ba925064c767fcceced6e7e537529f544db02d965f676b7bfacba907a62ce64f7db2cd9dd565d465d31732877cf326477f3bbaa8ba82b264c76dfc8b9ab437f29764c76f2165b871252f87bf349d25eeb50420ee679b664b2ab43ff0c70cff3a712d9d5ed350b599e671d4a64c205d93dfb42283b1afa7f721eaeeb9a29545dad52d0ccf03c6f6ecfe3392202bc178b68aeade8794af0e2c7567a0192045557ab14f48992e729e7ee9560f116855557ab1430cff35bf120abd262fff01ac84a640c74abae552958b170ec1722d9ddbef958015b30fea6bd1304ef456fd7e8d832f3492d9c0007066ffacd138caf5d6a2d90e179aaf975100a5b09ea7aef87ec98d56e886477f7a1cae7274c76d353eede8fd4b2c8f31471a7663b0da9ec9c04753defba85d6046b472a3ba5600c4261679768b2ab6b975a0b64789e6aee093830a49994dde37c08dd3442ed633a6871464b38b7bbf944e1f34c76b384ec9acf1572d00e78f1ad65a7a07f5ce2c93d4fb5f5ff80ca0ef74e997bfaa7e7a2ef4286bbb72d2b0de45db9ea85b101f3e93361956e5412ecc081b1d709d93d7d942bbc7bf9d5b37448e7689f549ae179defe4ce506e0c0a0a4ecfefc5c21923b8220a4c36872edba174520f73c95f23a4d6c19f62821bbef55e2b8031e83f18a83d390aea7fd48cd3dcfcf45e6d3ad52f604649de12031c8e6dc37c09afd36199768efc270cf5398f9a496eed4b60dbb93ac76ceb9c5149a7d827ffd278826619ea7d005504a0280ac33b2388d297a839c85a0cdde4a367bfde392be3ce14e5176b4daed82b203070c27f86ff62fa94e993079e693a8b753339fc081c1dd44b5f39a4fb4d95ba966ef5f509d52b1ccf03cb3cca778716c46e765ed0475cd30bd5e7640da9912357bfd65d7b0e409774ad3b2972f289e27f01dcac22c550866bc2665a7fddc2e2bcff36bd11f55f0e273418c7058ff4991226cf6cd2ae8c805663e7d2649a3c815cb1f43b0da7888b3d6a942cc1cc34ac94efb8da5dcf3fc51ec175f8aafbf80f8aa2d935d8a94b9c8736e6a6f3eada50977774f54cc27215caa227bbdea0b314d4f7821d9943c38d915f63c8580c91a49c60831295ef2725fe43907dacb8e7b9e42d9dd5c7e57db4ec70819330f70c09c24c339e392f2e117359f841888266b3129a94156e839ebbf3ad9cd309f2eeeed60b9321523c4980a0b915aead07e513c9427dc1590dd5c385993ca4ee839eb9f8bc1f33c8509770512644593b50377a9cb9fa2560b7dfff4147f2952ad32101269c29d9ae72984304120c60f5f7e748a2f3fa0f8cfa7a778f2d7a10c3b3d14d99427dc15901d4b1090c9eee98737a7600f4f852537af1d09901e6b8e26ebed849b8c0b6c7c6293b5a18cbb1f94961d5f7c238de9901eb2eb67984f97ef2c865133999712e36f9fdede28e0255b32b3b140767aac399a6d9bcaae40c29d10a1284688317eacb464c64d64e150a387ec964513ee8480a11bc964a75af38e2c2ed165dad701cff395d0407972f14d5d3a74dba9bc947dcd15d3f1e4718926b21bc8371917d8e7094377322fe55073c5d5569189cca1492e64469ee7e5bb9f4cc74ac7083114575bc56e5e1ef2af8c0ccfb380ec60e82652d9796a37615bc785fc6bb2d43d9326dcdddd5d7e5743909792b7e6f2b84493a5ee49d1843b21962c2f45e60228aeb6425c8285f7d064cd91ed6d1726dcdddd5d6e3e7504791131d2e693109e342ed164a9db979f7057d07ccae1798ac152c98a907f6d5ccff3949a4faab223b2b84493a56eaf68c29d10d99ea7e2b25720959d264bddd7f13c77d2b94553e4790a21349173917f65f03c4f61c2ddede5e653a6e7a95af3a97482a848feb5c13719ff4228bbcbcd2736b790ca4e6db5d5b46423b5266b8e19d93b371f5d7c57f9dc2247cd5782c4e55ce45f196be93ed9c2e693a49357f73fda563a71591fd9f959470316f13c8925f73c556db7b17482a8c39a233fa85d76de5301d9f5040bd4b965275f14afdef374e5e609a088f904bd9dd47ccae1798a2788d59b4f2b22f34e22d9bdb9f8d6f7623eada57149e59e27b89df2f3d9a8ec1e5d1c8e99603e2537e5c478f0e613373ba5c43d2a9e705754763be9a278c5e613cc5c25c764c5dc5dee0218b2b9458e9acb17c5ab359f58c2d3993703949770278628835103d935319c5674e690ac026ff1d8e64bb81342785843e5b2630900e70f68bf96f994c3f344e25b5c5cb0c28006253b22eb98bbcbcd27f9dc42bde6d0ab8817c52b349f6013c099e3d90105329feec57cca5814afca05600eb130712229bb62e6932d959d5acde15d2d9a799ed089c863b063d95d6e3ec1dc0217359fe47149459e277bf18e6cab58427697bb00990977aab69b255b14afc87c82c97e560c7604b5a3c684c84cb853adf952b46b9bdfa112f3098e41141f172390dd9b8b1ff3fdeb560b3d9541b1e6ff6cb55aff12dea08a847718fccec460c7f8f74797e22da4a93f91e053b57b3ca1f7782bbcc1db0a5e0bb471545f0ac89aac4a12b010e234f543be7ac19b5470f83ef441050e2ad607e5bfdd068e69391b833d04942e3bb363a9c4600f0165cb0e02738518ec21a0ec5717403ee7ab77a0a70394fb6e20085f5bff7d27da6ba1f5930b000958cf3e7857f0ddffca63ce84772818ad7706afcb339f9679de6bff0080ca5ba660a7f8bf4b286db7e70409ce06ce05c1f9b895a2b4838dbbed4e41b4ab4096ec885712778591755addd5203881fc011d455ea3468d1a356ad4a851a3468d1a356a940bd71764e186be77e66361ae18dbf47dc9e59eef799e7f4f0e9b19b26d3b65f9754b84d27fec0a0e993f818f72bd3b6882246fb8320d7ea67de75e12bcc6086cce51fab8edeb6080dae93f066898fd292f1f75be94ba9185813ae75e6cf10132287504959468471f97fe6389d491c09ff8839183ee217b9f53179695195b35755c6ea14dee219f9553571a1875a6e735ccf174cc1f3ce8ef9c6d3fdaf3e68ffb63ef70f9bcb758b911757e73b3691e89c59c2f979450d783eb3dcf6c0ca64bfe514e9d371cce128aa0d4f1dd260b427b57afd9e425984c79fb35978b005adf72cadba03985e7855ed898f45747dfdd3cd86cfa5e445dbf59d2f613461dad5adf420421b67da18b1cc346231813e75bd68bafa3629a6b44e85503a0ce0b10c198a05db419d5ecb14b4713da599b0d13a1e916eec8de2ecea89b108c929b7e63ea02b23b1a4d9608c38f3981c7b5c3c62c7a49b909cf6e0cd16601b75ef38b1b7e076128c96acea8734aedeb7c64d04763c48faced12c3b03050b7a2251c6d46f4bfbcce338cda5bb43221d9624d0b3fa35462238c48601d3e265d07a8c306c6f42f18d404d48513e2a487be7d836db4611d8b52c7bf87251bbb3c44bfc076877e684816fc720cb4741d8700750ebf7a42ff41a02464ed0075edb2a983a2bb43cc6bd7e3c7afce11da400bf27684756d6344a2664ca9b331fbf714396c885e63b4f0a05152c932ea2c423f6b0604b8f1111923c749778f7498689aaeebd3efc44b5137c446d4f452d48de8ff18130c5f8b496cc2b61237916d55411de62d62841967d1303122dde8aa1d1eb11aec470f4add5e427462b86453aa88d51ee1d4452f82d9e00eff6a1c2ce882cc916d3b0e953b01f19d52475be7be7d27a8c3248c9eecc1f3f62559a14aa88be6062b3ede72eae608ef07ac908da8b378f6e5a1c3ab4867780dffd9ed7fefd88cbaa8de73e8f928757647b4419f52c79bb9bd3693d485876139411de1cfa6f369fa9b81f7df6fa39a064bfca8cc36fce0d4358911bf3c1343533da6ee503e5a4ff348218d2949501732d509873d7384bbf3c160d04540c729752e8ae77a09eaa241c36dd36778e4d083f6892ed475b115bffd8bc0e07b42dde4700727a40a991f7e1751e70843bb7898a07c871751e71fae8a26273a50475577f432a1b94c752baa3af7f877a1ea30111dfc1d4f4e1a20db98baf14357dd1c25b2374efaba38de58435fb73dee7104d4e1051285a907ea1c3accc40a4aaa6eb7a78ea4a86bb40f4fde6ad3d7996d67c4bd22d3d9801c8ea933f69ddb8a096e15cb6e890c0175281c62419562ea26ac07c0513836734ea9eb5161c3cf314a53378dfb8a663523ac883a5a52bc852e6d3ee233f413ea1cd48758bb871c98b7981d072d69f5dce67e5e97a4ae210af1595f679ae664e438f05c02a391d925d629751ec210b40cb091a6ceb46dd4a74f0e03e4944d5d5b4a1dfde990ceba831c3e693ba6ceded0e9fc76ebd068c28d6a47acf5daa6b3685183a5f30cfa9954744e272706e47c459186d9c6f479167112d4514161674be31501750d9f0661d6768409eee252a91b43b8183b972b6e7c2e50344b5bb6213cdc3b91ebe361c25bd2308b866f9bc8ff0d8710d322633e8862d82475f0cf51c22c363b84817e8cfdeecee84dd0a80bc5088fa88311983eabc71aec267ad5846bf36778b3e8c9b473a6d4d9655137097a20f6800f6df380a5448e83fd5941e66033eb0ea20af783fd60e60681d77057bb5dd33bdccaefed8634be9db07b0401ff32fc60e136c2c502f436088264fcdfe4d3c6414ce9bc4befe12da1252e82a35974d81f2efcc612ac9865c0cf70327bd133e82367bb317b32bd4f73a1c7a9b1356ad4a851a3468d1a356ad4a851a3c67de2ff4fd7f2dae9e6215c0000000049454e44ae426082),
(16, 'DTB', 'bujumbura centre ville', 22202220, 0x89504e470d0a1a0a0000000d49484452000000e1000000e10803000000096d224800000096504c5445ffffffe5003ae4002ae40031e50038e40033e40023e3001de4002ffef8fae40027f4afbaec7383ec6d81fffcfce50036ed7989eb5a72ef8596ec677de61d44f0919dfadce1e20000f7c7cfe3001aea516bf6bfc8fcebede7284ef4b0bbe82e53f8ced5e94561fbe3e7f9d5dbf29eaaf198a5f08c9bf3a3afe94763f7c2caee7f90ec697fe30011fbe0e5ea556ef5b7c1e82d52e94c63dc05bb6900000baa49444154789ced9d7983aa2a1f800501911632db2cdbd7695ace7cff2ff7826869a599d634bd97e78f73cfb9ae4f22eb0f340c8d46a3d168341a8d46a3d168341a8d46a3d168341a8d46a3d168341a8d46a3d168341a8d46f39f60797032f96e2ebefcb4835b0c3e0471c2037bb5461e568be3beb46115e24c4c0a99051abd9b07ffe3e8214c373cb062997910d726d41d94336c98e03e8812b0a85f1f3ce6390e8e814f8630f731c82460f47243792108d76f3194d7269b1b3fefb30dc575d870f61e430068cbfe054300b8757c932130c7bf620890d57e932180cd5f310480acde6408acd432ebb986c08ae737bf694857b76e3f8f21cd28bf6e5dc99b3cdd30d7a5112868b805ad540021105f5d899eb3b596673dc4ee70cb105d2b029310662635c9654efe14662387d00b45ea9e36d71fe68621c2372fed7f35482289c0e3cdfdcae337bc8b24634d4a9f3487a1bc742bae4897a52f9bc69c27932a2f5e3645e43334f6246eb82d7dd954ec56324721b7ebe10f90d3309195998db257cdc0a689848afbb98e9a7ca56eca6be8c6520f2d6f68af9cb44d3d2bf110bd1ca56fa7dfada46e2c6458b4403cd166c44ddde8262a067071ef64fb83856179c3612c95669c2e174b08cf0dd46b665edc904fb34f36733c9c794b390d3bf19c86ccef4a64b0a050bc691986c621919f7a598d9999ebe13b3f7a4ec3f823442c87471a6b0c839c24cbf0c8e2862c3d37f5bf2df36eb2ca65381fc67fd51219cd9ac330a7cc32b4e30926bdf4f56bd6e98d7ddcb07e1c9c584e93551aaf68a56d70f2cb364cd6b253f7dcc67e88c70d571e8b80345906b3c239693556edcc344c34b352ab35cdd8e91e36f4ad9bad99e05cf98ae07b379e69b84e3407d2de9d52864e6a5b95a496d4f7c96d3848643556ca5e650c27c96a450c5aa628cc6d384f6435564a7151c67098da9ee6c312bdc2b90d13a52f2029f5b61286954422b950b49cc23da6b90df72f36acd3d46c4652bcc7b4e0334cebf92a6eb8bdec4bb800b70a3ec5a2ef61cae50a1b262bbe379f62c1fcb4585e8a60ca5e850dfb575d5e5758c51adec5ca43de7ab2e1a07bdd33472eaa35057b4f721b56e3c5313ea4ec55d4f046a2b7e78b56b2e3d8ea3c621691db30d9ef95368a50aa4e73e374f9eafb99e4359c25ae95da77f96443a311cf6173f60f5d9e22a7613b9199a70e933cdb30d1682bd6b19fd730d1c59e9ad13cddd098c65f0e52a448cc69b84cbcf3a9afe1f30d6bf10c2ead369c493e439f24aa54e999da8b0d8b8c21e6334c56fbf930f5744f374cd4045e964aebd364d394a5477f3cdd305e1f47289f53921c86fb5652302b4b7bb661a28bef45a585bff52e5aa6246320efc986b34493ea0925fef7e556ffe85a97ad1a9cd5e1fd54437fc972667059c40dd1bf6aed4cd5dd00c2ae47b9d31abf850df9b27dcdaae1b648b2519c91c1e53504281938c76fb5baadcc20b3028600d19be0cb6e1b56ac3fead16813923d125bc43027e915a9a71ab25af6e95e68180f73799d21b9373cf23a435634eceba1c83def3a00f3b70c61e15eef07a22f61eb7e6efd2ac38ce1e96719224af294b7af3134ef279e92860833b8cad572798121a29e53342ef1be2142889b9030276fc455939d83e04959437571b351a82a73a2e6910c2005d3ea7a92ff74ebfe7922433f7d38a5b2cbba6a08837cfcbd28159f20a9db599408202f71d5175f5ca3d168341a8d46a3d168341a8d46f3c9d8f3c9bc4ca7e60ba99dbbcbedae5a81846e5447678fd0aadad2a43c9accd527701776f0f93bc8d488d7716c1146ac96ea99ee9b1c2a5bc465f4040b574019bf6e126816d5f37099dd559339282653d993d763d14c1cc8110fc3131c7c9a00d6a6480dcbba16a744064b926000bc6f22ac02259521216a8e0886e01d8f3966583f7ef5e47c9c364454463df458386d7304010544cd9774f02970872235f0dc648034f7f66c491095519932040606535c1092860375da05e7b8e0206729aaf121cf9e0ae7e8906036f3c9702cd2280c433d842157731d474c19fa5e149d3157c709430a3c999495a1d1d9049b6d13151ca82e45fc190ead3016a06aca69c591e19c081180ac606a9583f9980713e586f85f60b8a4a738978669d6a4215db120552bc3be47d4e6d3cff4abc4df432f8a763842be391bd64c91cdb4a90ad773301c3139aa3421706dca039cf364d11e93ffa38f895fa5f43b32a45154f85c24e3df338b881b5a91a1b8d3e9c9d0b69078f16644dda7236eff1f966226b403a10d87d1104c87c8c02c61b8375a72a91765c82343718e32d3240b72d3f01824a7d050a42dc798f9e265947126d2b002c9c4b7c43395c9d770cdd3ea435f4c469b0bc38e31b310b341d2503c43fe9b6e8a9b862e969949680838eb391ee180ff3302c39941b0dba6deac1e182ee02988de0ddedfc0d0a8107c68250ddb149798835694a4e1bfe02f2302bc4e64d8133f7caf4b08c1c09a87860d2a72fe8d610786be785aaa2c3f8ae3f691a1e1528e40dc503c425272ddae22240c516bb15cb6a744459528c303a65b7b369bf92e96196560b8b7001037ab0c8d2501ec30e87cd5888a270a0dc5c307a1215e0a1c91cf6c7e5f309997621cd469a817e4a13d0b5645d50c7b6a94b96761cf361c2a27e44ea9c9e54f6206c9bae9992623cc34bda096d7a7ea888e389f9c3d44a3d35a6f282b9286d37ec061a59426d39fb6b1fef989de9d9ffe74646c7fa6c2f06bfab39691b5e1b6b92b6a6d167427c1bf1ac12e82b53842186ed469fbdbc96f4925a8de09e3ca8bedffd1a6c5d30cff2edaf0f3d1869f8f36fc7cce86fbca89b56fd8cb75c04245b5898d13b55b4f6e1585fcd2dd8cfbd54a109a35381ffa8646fc1dce86a3dd69bddfddc4f0bb10aa0e2432b465a89d172e2e52b57673a3def768d02dc7a0ecade893d3a169cb49bc8f9861f71415d89d04b3d5a612515f9ecace281a2eecd93045bdda818038cd6615730e553f45c4ee5d22a99c0dfd8e643f937fdac290ab86806f2251d7be30dc85ab18d619e91e45e33d76e81b1cb2b9cc69ec703e85300c67ff38d8da5f18da3b40d5cac99df9b9ab7bfe9e1edf7b5c183649d8937232b411a757a9f4000124d3e62056dbf6fbbbab69537f82a4a1bf8be6590586a3e1784c39fcba32ac3b1ec59c320b9cc2bf2bc4fc9b05cf852189196e0c4b648e98cb76eb85a1283eda7db9baa9b00c57a81ac1cf33ecf71adbed764ae938300c4b8b6f33581a4ea6cf4ec561c00c1bc89f6818e634536e4d8c1e893ad430b26676138423100b1a4db8fa60c3b55c8dbd4e1094b9aced9a42c9efa270b4ad66461df51f6c38603281563c44d9784c4c2e2a3c86cb00a4d3cd189a6817aea9f229863b33ecbdf5bb56982c275d4fbe6a234864458d80497098a7863d098de69a5408fc84d2c2766ae16dd6279370a8d78efef6b5dc6e979368cfe372dbd82ece8be2f45cf7234afcff43b4e1e7a30d3f1f6df8f9fca70ca3a82f0887a7b2bbc54e415e16646a107cd625b28303eebac13f575daffb37cb7a45720c98abb02f6e85d3fb2704211aee4191aa7c1b3312d4b65b2aaca64a90f7aaef323c85a4e170d213ac6814f7e29a0823a29af172a191e0c30f094387212f7dfdfcbfc0ad4805190713fcd7f7506b49c386923014be76d27003d1133e77f1526e459b0c60185bb8a4b4ed7b611b97f26113ca16fdc910d6c71499a5275bbf984bc345d7b2200ac324b90c669b72f53d0bca8131e4a4723604430ccc177e57e339240dc7f59d68f7890713dcf72008711a41b5d225e548b69089ef878608704ac1e577bcfe1c1786b3e3f1385872957b6c30acf8fb395301a5d2d018897dce86a4d966e835dff0791e37a3bed6500622ce2c918d12c2c28f670486468d52178786b283718a39f8db4b03dccc4b17543a6da959ddcae51d5050782843f1fa61102b2d6c91a4df1208949b8ba8aff64a508541882f44a4e70b6c80d8f164b8f740dcd098782556f5ff0daae7ee237b87cdf0bb045e33e8a637d58615939dc2cc54dd706b0b0761e080aab1c236c1bb3704e4e56679fede9ffd13ad4ad298887fd69c4318373aeb3b3f33e3e084bddb0dc79159adeb84a9b3e638fde21f60d468341a8d46a3d168341a8d46a3d168341a8d46a3d168341a8d46a3d168349ac7f91f4369df52d6e1cf440000000049454e44ae426082),
(17, 'KCB', 'bujumbura centre ville', 22212123, 0x89504e470d0a1a0a0000000d49484452000000e1000000e10803000000096d2248000000c6504c54457cc242003b4affffff7fc64100334a00324b77bc454e874900394a79c13d76c03772be2f00354a74bf33e7f2dcbedea5d3e8c2aed78f97cd6c002f4aa8d4843c724b81c941002c4bf4f9ef002a4b8cc95e7ac0435e9d4800384c70bd2974b845437c4a559349518d4a48814a6eb14669ab4764a447265b4cc8e3b3f0f7e9dbeccdb8db9c3f774b0a414c174b4c2c614c20544c11464c346a4b2f654b83c54f9dcf75e0efd4cfe7bda1d17b001f4a2a5e4b5c9a4823554a1b4f4c88d14000244a68bb1600124cfa0a923900000df349444154789ced9d7d7ba2bc1287d1101a05edd6d420c58828625fd48adaeeaed6ee73beff973aa01512dee9b3e7945e577eff6c0b687333c964661258491212121212121212121212121212121212121212121212121212121212121212121212121212121212121212121212fa1f08fc6d7d35505ce6d55fd6c4ad19a462c87f57506fcc6a85a8c04642c857f2686921687d3515ab38218278f9367ff3641dd2cf22c2499d8c182394bd890508219239b33732fc9c29e509f96a2c463c215e10e21ca6e389097c272bd9cb943e9c290d637cbe2774fad5588c3842da27d30686b206e561600600a6b8ac19b5c6d49dcd26dee9fbe052f96ab0501ca13ca4975f0ddbb7a224915949a7433792e53a2678bfc227de7d6d8622df4be5e8477d369c12674aac4629c4e546d331d6979b43ffe4a10ce7abc92e4a9b2d4e422bfbb72bad166486cb19f1fca94b2790afea62c44cc286b6a11e518c21b9aae26e42e04d0d0929c4ba8ee5701a440d3c24532a814a64dab953a375ed0891beb56796e54ee67ac848b744c16332296d444d7f5e2c693d09119a117faaf77303626df54b8ba145f67f14a974743335fd68611e5891ceeb46a8390098dbfe29312043fac1a4f5dfa7ba6fc472ce06bdd9ae650dbdf3276b4628dbc4b16d4fd3df5cbf65c09c7f80c3c333c5123896b32292fd917cfe24b46b4688562b1d063f52bc9ff9e10ce87f98cd0fc3e42b622dab86e17a6df28b681c5eda46f1c6f287e45538181bd021b3e75c44a4c50fbcd5c584a9f3a1063733420e61488a964e7fe5e5011ec7948f7cf461ad09033baec68eb38c4c74cc0ddde8e6dde1bea7466169664c8334bd318fb00a62533cf14dce10d728b5c889da0ab13844876cc2b108bddab819299fb082e81a98cbd31d41501e7f3514a7b2847ed08ae3ee1469107e84a1413f75754aa1beba52ea330603952244106e6dd7ddf0d7a2e5d89ef457f8e317930ce7db8953b36a6919420a0ddf2ea788959f14d1e920186aa701886dff82dae149c5849abeb79553c37d183b56d4397d03f02375486b944cc4944f88f0c28f6fce573edb64c846e0f20448eea95641acc95c467a8d660856b98474e510603a8a042460ff59f084da1480050aaa8ea609de95254e8431ad50c9bf9b77aaad765ae66e67b63a6aa79dbca295a6cf11a2a349dcbd9f2e347c4b6ef1155fb2a17302a6866fd83594bdcd708d0f31c25defa2bb64032ea75e76b1e6abad97fbd78766a0c143f7c7fd6d6fd70e40a32b7a29ba9354b59d8e99474815323e27fc1a9d53ec92035f98b3c854a6c7207c45142218236c5f372ffad189fd55b57b393588f1f57e34131a747f3ebd449f7d485e115cf4f8b453d318f308bdd9739860203fe3230b2e85d0169287a2c0478fd50f7308473fc3533bb6516aaf9bd6f893c27ea0665ff3da53ab1136f0721f9dd616c4e3e338ca568b13c1763661e7293cd36b3306eca4d8af1261b3f93389984b88bcf77e34f4fc9e7a3e2a9f0319960fe155dc956612b67be18927e6446b37c8697a49c266b72dc5943f5bf8636f1b219ec336b4ba9aae51e0682fb907d2b0975c50cb226ceda2e323e6f01dd3cec1fdcd4beff6e907c35c92b0f91ab762c17cb8b4c8986a10cb3eccf2ea39085f340510456ed0231807c3d28fe856e3594a3093491836bbcb0246dccdc1eda813cc00edce28723c69844f77817ab7f7acf59f62562c8869d0724824c59a4d8e14ed09b11658dbf8a18c09356829866f53f998158a6610aaafe16189f1321177b3db8adad852efbad984b7edf364d8e944aeab39c8230c5600634921c2de6672f023500f21ff7272a0aeff0f98ce5d605a634deb6786a2e984ea7d78b4c700aa8fe1e1870ee7f35bea6d366178e5887152b7fc9cc110c2c67838739fe3792fa232c643e21ac62c60934e44e0b4bce81acbec603495b073131ebc610cdbbe8d1ab88b4f6aedf67d2161cb6ca6fcb518a13e950831d38b6a41fce2ae130b66cad6ad46d88adc28e7d7db511fbd8e47070194df55f309d9ceff9041e8bb4d60cff5449afb615f474aeb8e79e9440a614b0a0f7539c068826ca6ccd9fe07474f77214b2a21f3d79ae9bd549f111b65e005467cae9c1ba5104601d780f532522732e1cf14139e18c39fd2095b51f74f27d40fd2dc80f1ba2e235c790749927014b9132e166ffd8a5ad7cbc91272095fa2efe083f933211e4b4b636d8ff310ab2e5b2708d5e8c00d6729265a1ba476d23284cc5de2af3f11fa8e646d4c08e8e794ee69d51c3e4ec8f8cbfb1177652b6adce36709dbb9bd54460a983ac05ee69830e8c8d51063844c54d68d01460e3611909426ec44f3ec20e64b7f1b8dbe05a4f72135f22bc0685d6da7539c30f4268356e685258661d66c11658df17ea0480400327bfbbd9f16d4b8e9bf211c45ed8a67fccc54167312e5093b4cc87093bc4bfe64aeeb87f782e57ab4fa17844c54751bef886a3457c4cd5b92b0a5321dbd99f80e60ed75a4db1f9b99b2a58d3f3f0eff89a6f4fb842f69478d7bc8980d33087fa91d5f6d932b7d5c2786b2e3a744b84f36456bf5f12a4505c29fd12d4ea46f5c62d82d76a52ce1e0ac26ab6ee22681e98aca636795eb471ba719e5d3848f995e46e2e7ea12934541063c3053462130c1502e5c49c3b36a809c8b0c95481cf8782b5194ab4a38482f2992895ec4e777d28a80a509d9b0fbbe783a2cb0612c98380998e31280bea3f97c2f8df4906cc0df256c7613f56f652ccbc57c4137ed070f5300f291019f36119b39ee3595b0799d74a57f9730516d23e8b237286fb34520e491f16af5b61d2a8a69d9dbf56aef9abf73b65ca41326e67b8e30e9e9ab13367ff037919c0d48e5099916b9d3354408518c29c590fa3fd1373cad4c9898f2fe3a61f385bb89e4bcbcf966019297599cad9838a0e7eced4a9d2d9ac929ff5ff4d2a7bbf3eace135f2ce707fb89500fc215a760386a30fe04866ce46d936567fc17b601fc2d965a4c485991f0524d6cab7c87e1e2f78050b703bfb1ce3321c2cbf1d0deebcc3590e6ef49e0a236f626c70a9a6cf254713e64b327b664ce95428886a04b804ba679511bf486c1923d71f697aba87c955b878a45de2adb4f63ae80a9762763bab284529b411cb0dd94c8d005e0ca738c3c038e2f85b6cb8d90e7857b4a3842d6507ec4cc59b1139d78f83ca1a432756ff67af2c777f826b657d9611ba26e34d9937e305ccb94def8fc90a9753763090e93bc7e327b3a898de0d9a10efc50c537cc267ba6400d8bc501c1d6276a16b72496e377d8a5db47b61bb18b0e9fcd804f27a291104f827d2f9a63411e50027ea27cd9685285905b3d6bde30fd942d22fdfa6c15833f112bf7e47b511c7f5e52c1e51ebf8bd7da98955f5f6c92c3b89a12d3453661540de109c938af7a910cb8c12ab129a114a13462ea31cd57a69f3203b184aba94c0866395ed437e1652365b86c41b634b975a60c21bb3ec42d70b3514d4a7a559a303a71c3117a79c92f7afbd812a52c2e760b08dd62c094aa3ebb86c685e095ba6926e128f2349c2fb5f3eb339ebb5e133f595afcbe5431825efa291bf2eb986c4d46658e1776d34cc268618b9f0f7326c27337857ef0395debe3cb272cfc295f7a3ec68636d14a21eb67d3d60fcf9f2d2064820a2ef42ede7d8901181a345cec055399199d1509f9d026eaa76c3c90524a0abecdbcf4df2c42a6aecf25618584b401661bd9081f2754825e4d4b54f85357b9b9d086719c8c71bb29951669f4abf9785984ccb2617a272d244447b035e463186593f3e4296f0b4762fa4e052eb4895245d6b88fa3441920087bae736dd8621627efb98e5e68436f881b7a6841b0fdc822e13caf46934dc887365122c76c61687625cea1b6d5db01839356d56fabbb68328caf3d158e4388e0e2030648cf1051194259435ae390bfe739633f0d17da3091b6cae6b04f2d35d8587a4a6ea59bb3d9ef5208830c58327777378fcc8763eb57c584c8b3ac8503140b9099a7e3e36662db93c51bc5c6f110ac5b55db4f13abb330a9a2ca45758f4fbdbbddaef7eb3abc3aedf3899a7e33b9f25382f0eddd33a616dc5bfd3fcb2bebe31d2d44196e7563d93f4cb24a3525f6b535b954b1f392b7752f744b0595a897f86c53e269047ad474774e97184fd8b41e106ba1438897156dc8e5129cdf6bb57e261a1ceab114e1ebaee2dec40f2b3614d79fe63d2b6e2d623deb0867ec60cfde5f3a62470db718a3de3d265b7dd67dca8c1f57f725659770a9274ae87885d0322deb25aef7960e98b747b8c3368bcb565baa799db6cbb91bc5d25984ddfbbbcabba02369a8a13ba9e30d90acb9bfd5bbb928563ff4a78c1b46f165fdd1eee627eb4d5eef6f2595d9ae787b93d4ed5de7333bd95955df3124e53c2b50f02041aba38e5abbbbde8bef4f3ba378d3539f46c84eba4a12060f9fff9f1ff9297a8ea2ac4a12e21971b61537d4d444250997c081785fa757079556d9713844a8464f2f57515942587dab424d54fe29596c811275e0faa934a1d67fbfd26bf35a9d0a2a4d28db0b1dad149239c3d755e57b69f03409429bf9be366f802aa7aa4fab530a6bf37ea472aafe3c3e3a7eaf7e5a9df0bbcd1ad509e59c1d26755475c2ca9bf6bf589509e9778b4e2b131a5577617eb5ca10b24bc4729945995aa988906a0dba58456f1b6a7c75832bab8050eb5b101e8ce1e5915f3de771bc9aaa80909a26c2c3b9f96dfb6811a13626964cc9e58518e915c59aabe069750bb8469f7cbc20a901ebf5a6ee72ca25d4fa84f40d77b63a7bd3aacf76d543f96f6f3181833d723caf19eab57a897569e5111a2e00cf7f5c40ec00d1f89e807984864d24e73f530282d7d220fdf03d012545d73274ea94a603808b350d7ae9cb16df40663f4b179b591bff9769c186e03aabf8bfe2a8e5ffcb212424242424242424242424242424242424242424242424242424242424242424242424242424242424242424242424242494d47f01c9b43af646f4d1d80000000049454e44ae426082),
(18, 'CRDB', 'bujumbura centre ville', 22676754, 0x89504e470d0a1a0a0000000d49484452000000c3000000c3080300000008a1559800000108504c5445ffffff4aaf4449ae430000003e9439f9fcf9d7e4d768bc6364ba5f2f722bfbfcfb52b24cf2f9f2337a2f3886346bbd669fd49c5fb85a78c27370bf6baddaaa84c880e9f0e9c0c0c0cae7c839783547a84194cf90699866b0c9af739f7195d09289af871414141c1c1cc2d5c1e6e6e6cacacadcdcdc626262dbefda4c4c4c949494f4f4f4303030a6d7a3c2e4c06e6e6e357f31464646aaaaaa3c3c3c8888889a9a9a439f3e3d9038b7dfb5343434727272b4b4b41a1a1a666666d4d4d48acb869ebd9c5c8f58d3ebd151a44c4a964648824493c39052884ee4f2e362a55e88c18471af6e5caa58c9dac752ac4d719e6e5ba25784ab8168b06351934da6c2a56bad677bae788eba8baca5f39700000ebd49444154789ced5b0957e2c8164e252024610bfba222bb88444445c416da6da4a7959ededefcff7ff2eeadaa2c2401fa390defbc77ea9bd39a54552af7d6fdee521547920404040404040404040404040404040404040404040404040404040404040404040404040404b68bfcdc462c16d3fedbe22c2166a6722ecc52e3e330487cecc61c5a0e4ad7bac1108d4623995caa1883d6af7f562a552ffa666c770a688dcfa3b26e4493afafaf4f4f8f8f46249306358ab146c2121865cecc40a8b7d2e0318a80914fafc9f4acda7fd0b4a378c848326432af8f8f8b68249981be9d69b1f7e91a54d0478978e965ff70ff5955e321dd4857fbb33f070b2afe2368063a54b22053438d9709d1cb89977b1899586452e36258faa80e600a80311abcbc94d478026e2315ecda053e0eaecb322987065f1aec85f98f253551267a3afd04bf00a1f87309648416938a7b2deb91451146bedda3e815f341938ed4840cd0a3af7b92146edc83a632d167c5e31d68a07d8d876454e1d39ed398df478946832fea881043ff9c97c22823213990295c8acbd174963f0dcd7a155ab57d35040332b907d671a40e6422ebe3e20e7438441580487f2cc598304834fa6bef401dc9600eda05fac82893261daae5dc8c133dfc026aea5970ec7c09565e9ea52cf21cd2f15973fb2a7c54d10a46b9ef69cf97069f6312ea10a9b0a56ca8212293ca3806b4295752d6c006da27633e489463a4d2b7d6624fbd86f1fdedebb007c407158c9c2fd21f1e4113e840d2fd391f1a02d7c865e7a0c32835b607be808beb184663c03152cd5aede15202c6ef4087fb381a3c19f58740da8276488f59e701b5583a3597beaa0b97681fd167d226f8ee57b872948b95c0a5487fec9df877a301e6974924b36ab1d00e1993d9611fd65b26b94a58da57dd347f03ce10eabb309b4b8706eaac3b76d916bea818ea73b955411c7530cc632612b01da26b45929e07e0c4f6983c0d582953c32b5235392bb57b4c234672db76c8a3b96563b6f23d342e65314fe59f0765747ec3c48577eba0950630490e19f71c976756663ec250ab970358fa7bd160217d365fa7839c86e89f7f41c7019920ce02eddd3a80534322c88ce7e85d72d23c4643ccbf40c826e5d1ebcaa97f178ed01d49aebab21e3850e38341e2b359fc3e1881b6e5d137cc03d0f897eb19909c90e41818b7afca7acacc662bdf4221181f59fccc6f5b05740758dcaa373738683c537c5f8cca54054819d28f7bc427c710a003c89b653a807755d2865ec6b2a33ade41b1842b28bb42c90ae4efd16d7cb9dc350b64b9d431bf9247d709a821e1817e71eb4ce22cd898860e9e299132b915ba3ee32ce9ca1c0316ba4ca25482caf7ba4c92d9f1f1d67749f7aa2c6f2a07625f54aca8c0b557ec05c23497e52a1a8bb299c5015cfd7856071096fb58d16e1787d41f52e3b5ef79db57552cce2366f05e600ff3a491ebb330a7575852833a17f2839132b75d7bf3b8b469b3f5f602bb0499cc821795d61a99f4035d12a89c2c67a7c5ba8115ed56414b0d0ce91bc685bfa2127a3550094c0f7a1a8ac618263bc3ce1cda0b589924cd87df2df532f2b84f21744fb0015fb1d2d08398416b9048047cea07664c47075e24f6cd2d7bc43ee661d89c6d8c81b8d591d147bd4a8469e91d81f41d7ec63d904b07ea282437de3a9912cc10eb9311dd4960f4f12b8165911ed51fd86e8ab8ed80252014ebd92d2709ed851a22bd2e04ceb3df2a316ba4915d56e20732c9d0ab74e307f477dbe18d2a95ae6cbfeac337b393892068c5cfa1d1022b576a088f12e1234c65ba9e0cf3ed3670696cf970f81eb9a5a7675b4f735fe96614424e109de67f3c854665769a21b1730b9712e183ef0970125d5fccb94108f292a7e6bdfb38e55674eb9b20582da6c46cecad0b62e39f215aeac9ecdc62af44cb6fcb271a5f9e68b75e1ec1caef957016345475dccf8ec7a99fd7215aaceb911dd47db17d95eea9d3fd6cf6c1a2ae361f0387caf4808c6045577ca085f848668e0dcc0395307442315bb47648084815b31916aeecbefcb88b3332ac0ad401086ce4aaa959b53f1e6753b9c71128c0c5a0a777550cbf1fb19243cea75089b7927a3d1a859e403bdc21951d2c00f87b34bafe6b272a00f60e55403c1e1f7cfff4f3dbeb63e83a3118c497f1298bc7db25362efe3d854ae0c1ece739aaa00623fef70e0fbef30747871bf0af3e103bf683df7df903727bf8c751039ffe71148c83edefe2fe3f10de09b6aa423ebe886e1de9ed6eaaf3ea5364ebd8f2a7a03ccdadb88da76900af08ffc1fea3098e8d907937bd225683cc87593dee09f803b9ecd675e0a2f09f36884c88bfd5ddbfaac5d19861fb3a300310ef2f7ebd0aaea1b6ad969f722e776107461c9b4b161f78bbebb7bdc636e7b8b988874b36d5e8e54eb8b40e2bf9b49a4bdeceadeb9008208decbd929d5b87384ee34adeb1913bd041b6284096b961d14a7628b61c8958a3ec345a13c8b28b7defd1211cdb0077c2613ae80e888707765f401371df13a7677998874bdaaf0877905818ebb094352997669a8d70f8389b915d5c921f7887619327690d1e33fb65e84d06bf98d22b9331c864cfa53c76680cd689c7bffc1da88f6b337fd57d5242ed50f158d2d479c4849f19abb16f2791a46d718392890d011df84445ca31fee5772c7b626b63ad78554b8791df3b5d5eb734231e9e10af0ed283f3bc7d981cb367b275a002821d2c1d88a303611fe5d94c1e1d42ab438835949eadad8157076bf9c2f8f748bc7926f3006f20ef34dec63dc5d1216c60935f07788ecd34d765bf1dd68967eba0c6d72191f6e8c05f6de21cbccfb4521865c4981e711df32cc6ed409d2a2b07da41d6d9fe331625be7aa9b156ba449abeabb1bf019f83b9442920679d6b049d91ff7149865b9de990658680264b076722997d6a09a7653f7bf73608f79f1f09bab854a4c6646feff3a03fc39b3997d2e4f6663ab03f8ee93b3e2d3b137107abec304f3b76d067942273169820b0e21d10862e8e663027e13aa4f1674c0fe0529205ef2c0f643bc8d31605b4b07540f660702631e99216c3fab22b2ee5e463dee6e5d203a383cdc79dd41acbb1b598b64a0846acb96c8919d3dd762039dee6e5d2dc0aab8191702b3af8f2432ca5b3da870656486e70cd9676263b7129c71d3ee58fadfc6377dfda47fde73a343e65d2eb3033976b0d4b075a67b1253c6664a281558b3ae1ead815977284797c4cf7c525c222abc6c3d23297debeaf138f0b77a02e92ebb0b443777189861d83bdbe4857908e0b8f11fc343ee38a4b84bb7ad59f1fb853c7f4002e41adb159b8a55a2300ab6a8d22ada599401a564239bf8d514fc70eecc158daa783ccd9540cd83f04d41a7ee10ed8978c5fae3596721c31583bfa75c0d74c9ad36c7f203a9dc9f4e940389b204304d54bbf526b0c12ebf0340be612cd7184d778197759e442dfcd25bb38e54fb826e26c0a4702b8b44ebca71cd3a1b4014fae74eeca7131d334adafe190ba78c6ae58dec6beb1c5889b4bdc107e3bd86c3ad67d5cfa25e1b44d70ad6b70ed2d556117c632b6c354d633232e9f262e43b8eb251ccfd9e4db3f6c12cf27cb46b8ece07a4b0aff84835ea6ac9d298f52105edd5ce29a521d64974fc370eb03566e0767335e1db479362a5b15ab6638a718634b56dba73187d97fbcb5cc25672317337692a78d8c83a4ce36a13abb739dcdb0968cc12f74d6a35b0fe23d9b28ca1fca580fecc20e3cae051c713907b1d6318dd3e91e43bc2dcee5bb6a8dbdbf536b91757f4b6767644b6762de2353d7e9a3eb04d26e750ebd093f2e73e6e0274ecb7ba0b5e2f5d937f283f862edd7808ae9cd71ef44c07943303cf9619d7833bbd6d0d761e63b13583abbb316d64d190fb53cccf170cbe690ddeecdd39b85a3f5926c9b9f1bdcb23bf19f6b581c70b8c46eecf34ba77df9b0d53edab4cebd65d937816f1f47eba59513d8b54622b40edfaa4b3a0cd60efe2d78ad2ee9b04e3c2edcc18aafdd361e976a8d1d20ee7e63e35786c6f636c11597b48d837f0b5c6fdc24de6efe272e01010181ff41f4b63671dd42a7775a6ffbfa6feb17c10fded6cf3d2dd3fae9aa4d63b73ed43a4aeb1f49ba1aad5a4d61b86b2b8a7fa94e14afa81c974ad73dac294943e5d43bf990fdd63e28855e4d2958edbd937f28f53270c7dd55eaf8aba07cf0f74f94bbe007cf9433e7e6a4d60b50b755bb65173d45694b2d47858bc93f15db871bf6f22be5e2b6dbc537153ae7679c565da5db3dbfec495ae1eebc7ba249adce0406dd62c789d4beeb50c14e14a5d3999e297727e71d78ae70768e8fb46a4ab77385fd53a5d66b77ce346dd8bdb86b376f949bce44829bf309a87ed681f1f88613b86fbe57871a5beb4ba506c48215bd544ecf6a1fd874a74aed1c64910acae985a25c81b8b5faa9a234a163d83c553ae80105a063bd3eed2ac8cb1bad45879ef44eb1f51227b955ea946997ca79e7c36d478139ba60fd8b8e72a1818d3ec0f04b306cb7537bafcb34710600ccd8049f98b6945ab377a250ce52161740e6424beadd40db9972d3c346fc77a174991333c28146bd21ac41a1006c81290b4a8dbf015986ff4ec1e97af8f814ad0e139d2985a9026fb883c5a8299366efbdb10b66a1be770122823ecd894217f492ebd7c41f6de017b4dd02852e29bda1ed02a460336023aadb82d5ae6b30f4034e3954ac9036513aa0fc1dfcc669e99cd2397bcbf0162341479948689eab77aa00966651af0e22820d60b2ee1440b904f71a2e680f1a5bb87e4021090318749c81bdd80cd8c844c3d59e28e72dd4e712247774a47a0e8135ed02ce09cf4cf02d3d1a092e80a5dad5695060fc359cd07561c163a8dcc0fd87a9d4bca44e0ddc284ce1756dfa6ea5d044e10ab0d840ef5edd0aaf75a55318527561b59b948e3074a29c164e28d96e4047f49f93f6b4a63461cd86c3f69d72d394da130ded031314da57ed163ae3fb70c61ea5e901a37eaf0b56552ee874e0e760ff2e72b806cb549ba2be10c0e8c0023a39023932a1e901561b54537028ea8ccc82f80dbe03ff5a2d4c4313090728189d60ee8e4dce5bec7c77de98162895d017a57601977f7a753565deda2e4c5b57d8ddbe2a68c3610f0669d8c806b6d8931078af0abd26b4420bb80f0cbd1d36f199619375177af80f1aae608cd41c5eb5e943c3367b0267d5e0a5fe3241404040404040404040404040404040404040404040404040404040404040404040404040404040e0b7e2dfba84e429303abef30000000049454e44ae426082),
(19, 'BIDF', 'bujumbura centre ville', 22223344, ''),
(20, 'BIJE', 'gitega', 22908999, ''),
(32, 'BHB', 'Gitega Centre', 228888, ''),
(40, 'tyrrr', 'yvdvvdfv', 2356, '');

-- --------------------------------------------------------

--
-- Table structure for table `contacter`
--

CREATE TABLE `contacter` (
  `id_message` int(50) NOT NULL,
  `nom` varchar(50) NOT NULL,
  `prenom` varchar(50) NOT NULL,
  `email` text NOT NULL,
  `message` text NOT NULL,
  `time` datetime NOT NULL DEFAULT current_timestamp()
) ENGINE=InnoDB DEFAULT CHARSET=utf8 COLLATE=utf8_general_ci;

--
-- Dumping data for table `contacter`
--

INSERT INTO `contacter` (`id_message`, `nom`, `prenom`, `email`, `message`, `time`) VALUES
(3, 'Godson', 'Robert', 'niyonzirobert@gmail.com', 'bonjour les gars vous etez bien ', '2024-07-29 12:42:49');

-- --------------------------------------------------------

--
-- Table structure for table `contacter_replies`
--

CREATE TABLE `contacter_replies` (
  `id` int(11) NOT NULL,
  `message_id` int(11) DEFAULT NULL,
  `reply_message` text DEFAULT NULL,
  `username` varchar(255) DEFAULT NULL,
  `timestamp` timestamp NOT NULL DEFAULT current_timestamp()
) ENGINE=InnoDB DEFAULT CHARSET=utf8 COLLATE=utf8_general_ci;

-- --------------------------------------------------------

--
-- Table structure for table `empla`
--

CREATE TABLE `empla` (
  `id_emplacement` int(11) NOT NULL,
  `id_banque` int(11) NOT NULL,
  `id_guichet` int(11) NOT NULL,
  `loca` text NOT NULL
) ENGINE=InnoDB DEFAULT CHARSET=utf8 COLLATE=utf8_general_ci;

--
-- Dumping data for table `empla`
--

INSERT INTO `empla` (`id_emplacement`, `id_banque`, `id_guichet`, `loca`) VALUES
(9, 10, 10, 'kigobe Bujumbura'),
(10, 10, 11, 'Centre ville Bujumbura'),
(11, 10, 15, 'Kamenge Bujumbura'),
(12, 10, 16, 'Kinanira Bujumbura'),
(13, 10, 18, 'Bujumbura Centre ville'),
(15, 15, 13, 'Ngagara Bujumbura'),
(16, 15, 20, 'Centre Ville Bujumbura'),
(17, 15, 21, 'Roca Golf Buyenzi Bujumbura'),
(18, 15, 23, 'Gitega Centre'),
(19, 12, 24, 'Rohero Bujumbura'),
(20, 15, 25, 'Kigwati Ngozi'),
(21, 17, 40, 'Centre ville Bujumbura'),
(22, 18, 41, 'Centre Ville Bujumbura');

-- --------------------------------------------------------

--
-- Table structure for table `guichet`
--

CREATE TABLE `guichet` (
  `id_guichet` int(11) NOT NULL,
  `loc_guichet` text NOT NULL,
  `type_guichet` text NOT NULL,
  `id_banque` int(11) NOT NULL
) ENGINE=InnoDB DEFAULT CHARSET=utf8 COLLATE=utf8_general_ci;

--
-- Dumping data for table `guichet`
--

INSERT INTO `guichet` (`id_guichet`, `loc_guichet`, `type_guichet`, `id_banque`) VALUES
(10, 'bcb kigobe branck', 'ATM', 10),
(11, 'bcb patrice lumumba branch', 'ATM', 10),
(13, 'IBB GAB BRARUDI BUJUMBURA', 'ATM', 15),
(14, 'GAB KIGOBE', 'ATM', 15),
(15, 'BCB AGENCE gard du nord', 'ATM', 10),
(16, 'BCB BANK KINANIRA branck', 'ATM', 10),
(18, 'BCB Marchet Central bujumbura', 'ATM', 10),
(19, 'Banque Amitie branch bujumbura', 'ATM', 10),
(20, 'IBB GAB Marche central, 14 ave de la croix rouge', 'ATM', 15),
(21, 'IBB GAB Roca golf, bujumbura ave de la Tanzanie', 'ATM', 15),
(22, 'Bancobu, Agence KIigobe bujumbura', 'ATM', 13),
(23, 'IBB GAB Gitega Centre', 'ATM', 15),
(24, 'BBCI Siege Bujumbura', 'ATM', 12),
(25, 'IBB GAB NGOZI, Kigwati, RN6 no 24', 'ATM', 15),
(39, 'IBB Agence Buyenzi Marche ruvumera', 'ATM', 15),
(40, 'KCB ATM siege bujumbura', 'ATM', 17),
(41, 'CRDB GAB Siege Bujumbura', 'ATM', 18),
(45, 'makamba', 'ATM', 10),
(46, 'bcb makamba centre', 'atm', 10);

-- --------------------------------------------------------

--
-- Table structure for table `useraute`
--

CREATE TABLE `useraute` (
  `id` int(11) NOT NULL,
  `username` varchar(255) NOT NULL,
  `password` varchar(255) NOT NULL,
  `photo_profil` longblob DEFAULT NULL,
  `status` varchar(255) NOT NULL DEFAULT 'inactif',
  `role` varchar(30) NOT NULL DEFAULT 'user'
) ENGINE=InnoDB DEFAULT CHARSET=utf8 COLLATE=utf8_general_ci;

--
-- Dumping data for table `useraute`
--

INSERT INTO `useraute` (`id`, `username`, `password`, `photo_profil`, `status`, `role`) VALUES
(1, 'kamaro005', '$2y$10$4mQ597i7CGWmwcH2bNSbouUCtn3zeEazsQTM2VqIz.U3btp3C7BRG', 0x75706c6f6164732f42617263656c6f6e612d4c6f676f2e706e67, '1', 'user'),
(2, 'alainn500', '$2y$10$dyH4Bi9jigkvAJ3l0txnh.cFeKgwgjmBF.bLdLAlK0tdc68BY2ay.', 0x75706c6f6164732f4d722d416c61696e2e6a7067, '1', 'user'),
(3, 'cristiano777', '$2y$10$YBBwXla7T/Nj1cSLdwe9jOQEnHc0Kd6yDO0vOhbai6AKE0OqN579K', 0x75706c6f6164732f637269737469616e6f2e6a7067, '1', 'user'),
(4, 'leomessi100', '$2y$10$Kg7svhWw0Bxdp.WGko6t3.f2A/Yct59kAmpWZ2rAaP1R2a9NbMD9C', 0x75706c6f6164732f6d657373692e6a706567, '1', 'user');

--
-- Indexes for dumped tables
--

--
-- Indexes for table `activity_log`
--
ALTER TABLE `activity_log`
  ADD PRIMARY KEY (`id`);

--
-- Indexes for table `activity_loger`
--
ALTER TABLE `activity_loger`
  ADD PRIMARY KEY (`id`);

--
-- Indexes for table `adminaute`
--
ALTER TABLE `adminaute`
  ADD PRIMARY KEY (`id`),
  ADD UNIQUE KEY `username` (`username`);

--
-- Indexes for table `banque`
--
ALTER TABLE `banque`
  ADD PRIMARY KEY (`id_banque`);

--
-- Indexes for table `contacter`
--
ALTER TABLE `contacter`
  ADD PRIMARY KEY (`id_message`);

--
-- Indexes for table `contacter_replies`
--
ALTER TABLE `contacter_replies`
  ADD PRIMARY KEY (`id`);

--
-- Indexes for table `empla`
--
ALTER TABLE `empla`
  ADD PRIMARY KEY (`id_emplacement`),
  ADD KEY `fk_empla_banque` (`id_banque`),
  ADD KEY `fk_empla_guichet` (`id_guichet`);

--
-- Indexes for table `guichet`
--
ALTER TABLE `guichet`
  ADD PRIMARY KEY (`id_guichet`);

--
-- Indexes for table `useraute`
--
ALTER TABLE `useraute`
  ADD PRIMARY KEY (`id`),
  ADD UNIQUE KEY `username` (`username`);

--
-- AUTO_INCREMENT for dumped tables
--

--
-- AUTO_INCREMENT for table `activity_log`
--
ALTER TABLE `activity_log`
  MODIFY `id` int(11) NOT NULL AUTO_INCREMENT, AUTO_INCREMENT=38;

--
-- AUTO_INCREMENT for table `activity_loger`
--
ALTER TABLE `activity_loger`
  MODIFY `id` int(11) NOT NULL AUTO_INCREMENT, AUTO_INCREMENT=20;

--
-- AUTO_INCREMENT for table `adminaute`
--
ALTER TABLE `adminaute`
  MODIFY `id` int(11) NOT NULL AUTO_INCREMENT, AUTO_INCREMENT=20;

--
-- AUTO_INCREMENT for table `banque`
--
ALTER TABLE `banque`
  MODIFY `id_banque` int(11) NOT NULL AUTO_INCREMENT, AUTO_INCREMENT=41;

--
-- AUTO_INCREMENT for table `contacter`
--
ALTER TABLE `contacter`
  MODIFY `id_message` int(50) NOT NULL AUTO_INCREMENT, AUTO_INCREMENT=4;

--
-- AUTO_INCREMENT for table `contacter_replies`
--
ALTER TABLE `contacter_replies`
  MODIFY `id` int(11) NOT NULL AUTO_INCREMENT;

--
-- AUTO_INCREMENT for table `empla`
--
ALTER TABLE `empla`
  MODIFY `id_emplacement` int(11) NOT NULL AUTO_INCREMENT, AUTO_INCREMENT=23;

--
-- AUTO_INCREMENT for table `guichet`
--
ALTER TABLE `guichet`
  MODIFY `id_guichet` int(11) NOT NULL AUTO_INCREMENT, AUTO_INCREMENT=47;

--
-- AUTO_INCREMENT for table `useraute`
--
ALTER TABLE `useraute`
  MODIFY `id` int(11) NOT NULL AUTO_INCREMENT, AUTO_INCREMENT=5;

--
-- Constraints for dumped tables
--

--
-- Constraints for table `empla`
--
ALTER TABLE `empla`
  ADD CONSTRAINT `fk_empla_banque` FOREIGN KEY (`id_banque`) REFERENCES `banque` (`id_banque`),
  ADD CONSTRAINT `fk_empla_guichet` FOREIGN KEY (`id_guichet`) REFERENCES `guichet` (`id_guichet`);

--
-- Constraints for table `guichet`
--
ALTER TABLE `guichet`
  ADD CONSTRAINT `id_banque` FOREIGN KEY (`id_banque`) REFERENCES `banque` (`id_banque`) ON DELETE CASCADE ON UPDATE CASCADE;
COMMIT;

/*!40101 SET CHARACTER_SET_CLIENT=@OLD_CHARACTER_SET_CLIENT */;
/*!40101 SET CHARACTER_SET_RESULTS=@OLD_CHARACTER_SET_RESULTS */;
/*!40101 SET COLLATION_CONNECTION=@OLD_COLLATION_CONNECTION */;
